nome,fonte,unidade,codigo_brasil,brasil,codigo_regiao,regiao,ano_1974,ano_1975,ano_1976,ano_1977,ano_1978,ano_1979,ano_1980,ano_1981,ano_1982,ano_1983,ano_1984,ano_1985,ano_1986,ano_1987,ano_1988,ano_1989,ano_1990,ano_1991,ano_1992,ano_1993,ano_1994,ano_1995,ano_1996,ano_1997,ano_1998,ano_1999,ano_2000,ano_2001,ano_2002,ano_2003,ano_2004,ano_2005,ano_2006,ano_2007,ano_2008,ano_2009,ano_2010,ano_2011,ano_2012,ano_2013,ano_2014,ano_2015,ano_2016,ano_2017,ano_2018,ano_2019,ano_2020,ano_2021,ano_2022,ano_2023,ano_2024
Produção - amendoim - valor,Instituto Brasileiro de Geografia e Estatística,Mil Reais,0,brasil,5,Centro-Oeste,38003.57,76462.38,113870.0,35087.93,23360.02,30172.85,18899.3,14436.4,6473.81,5072.99,2090.91,3821.63,2138.81,1856.51,258.76,350.41,185.34,594.83,227.07,35.81,475.63,677.0,392.78,298.85,777.26,655.73,922.83,3299.31,6343.25,9456.21,18794.18,60120.52,14529.77,9897.16,6990.67,10423.52,10593.0,4400.9,3756.32,3712.9,4210.68,2315.24,3536.69,5387.31,5204.84,7854.93,13297.32,12404.96,21861.24,37938.85,0.0
Produção - amendoim - valor,Instituto Brasileiro de Geografia e Estatística,Mil Reais,0,brasil,2,Nordeste,27209.08,20887.41,19317.95,8269.54,5398.83,5923.0,4827.29,4480.41,5044.43,4072.7,6427.43,6632.44,5787.19,5152.05,6158.28,6528.62,7018.59,4884.28,4256.27,3960.65,6063.13,3338.17,2918.66,2940.47,2365.3,2935.86,3149.52,2952.84,7688.39,11864.15,14909.3,15809.79,13711.59,5361.73,13810.57,5246.13,12050.0,19547.9,8517.67,9363.03,10131.33,10162.69,13129.22,16494.88,16250.97,19160.8,20768.65,23509.3,21820.63,25585.43,0.0
Produção - amendoim - valor,Instituto Brasileiro de Geografia e Estatística,Mil Reais,0,brasil,1,Norte,1092.25,900.49,230.11,114.82,63.43,160.71,152.58,170.17,70.7,73.31,90.62,50.08,327.83,150.77,1326.21,58.29,66.06,7.38,9.19,71.11,147.82,79.74,131.93,20.47,132.65,1031.08,36.52,113.48,246.99,1142.31,851.5,4742.59,700.42,306.63,2429.38,2583.91,9620.0,5105.34,10879.86,6814.03,2728.66,7277.62,2175.96,1103.91,2002.17,1458.6,2107.64,1068.96,954.14,864.74,0.0
Produção - amendoim - valor,Instituto Brasileiro de Geografia e Estatística,Mil Reais,0,brasil,3,Sudeste,544642.96,518016.28,596031.14,194836.94,232265.43,298719.86,232936.44,251739.27,152280.03,175059.0,274539.34,253799.75,148998.01,68641.96,80143.62,91696.45,75189.31,47352.69,91128.93,36082.88,159070.96,63192.8,84412.32,72556.95,68568.84,60096.97,104355.07,92559.95,238116.17,282430.21,293071.64,298918.28,207405.31,113695.54,144119.48,99099.64,223327.0,315228.4,330956.07,338615.12,338914.07,396213.62,535286.46,526250.29,477810.6,552828.77,797815.25,1184765.78,1055483.61,1239747.59,0.0
Produção - amendoim - valor,Instituto Brasileiro de Geografia e Estatística,Mil Reais,0,brasil,4,Sul,265392.8,208376.23,127353.22,45307.83,45477.78,59358.01,51313.4,42338.74,28212.52,17679.33,18771.19,24048.84,11460.64,7448.35,4686.36,4084.31,6913.54,4832.18,4133.07,2661.79,8524.34,7775.67,6713.9,7676.28,9064.0,9435.68,11953.07,15315.96,27330.34,34037.28,31004.11,25852.97,29564.01,17762.01,18621.11,16815.52,30526.63,34104.23,21329.48,23251.72,22243.45,19256.97,18216.03,19924.88,14875.38,12612.83,13842.0,13083.09,10553.36,15901.01,0.0
Produção - arroz - valor,Instituto Brasileiro de Geografia e Estatística,Mil Reais,0,brasil,5,Centro-Oeste,2562183.92,2908990.77,2945885.42,1154453.77,1109883.82,1411014.16,1654805.9,1083845.81,1167439.81,1235271.5,928151.54,921909.7,1037121.41,830417.22,701444.48,360828.53,219796.04,335640.32,293580.97,187683.65,578396.05,270030.73,250860.43,250122.54,302999.65,538019.8,470720.88,334304.14,387699.36,555682.08,1060752.54,574320.43,216140.4,243316.25,287683.58,323966.19,518136.0,438196.11,327665.83,356530.35,383063.36,372585.99,342088.54,359553.3,295006.16,343599.22,316862.59,398758.87,305546.32,369970.65,0.0
Produção - arroz - valor,Instituto Brasileiro de Geografia e Estatística,Mil Reais,0,brasil,2,Nordeste,1368738.45,1989147.69,1347721.0,589590.75,854326.73,909348.33,818761.59,549258.95,931323.54,465514.25,914680.96,884215.4,1170974.3,478812.46,1064732.03,1018120.72,449779.51,726517.02,456675.61,477054.21,822865.2,441687.54,253607.4,259144.78,224386.54,324399.85,317440.45,274173.04,314366.84,413337.04,481158.34,305139.9,268849.93,274549.37,428706.08,318922.12,514592.0,669663.48,397008.39,398404.91,447316.85,249125.06,154393.17,239765.46,192753.16,146819.14,174970.05,239422.59,206567.44,242797.66,0.0
Produção - arroz - valor,Instituto Brasileiro de Geografia e Estatística,Mil Reais,0,brasil,1,Norte,427000.96,644083.53,520470.91,206146.54,225324.37,292148.84,359456.18,378494.94,418752.71,355475.33,400340.24,507418.9,554471.42,427160.47,517361.46,431091.88,201855.68,304582.64,289614.56,413084.46,451798.26,296016.27,198452.83,204316.23,267397.99,323474.91,270387.46,292978.42,313089.63,483870.46,510951.43,330394.01,232222.22,277466.98,327464.22,291301.17,584297.0,526096.24,464921.86,504136.89,455649.61,476250.44,526716.4,456872.18,478309.01,468920.69,747668.85,677480.72,580755.2,763628.64,0.0
Produção - arroz - valor,Instituto Brasileiro de Geografia e Estatística,Mil Reais,0,brasil,3,Sudeste,2971941.52,2733742.03,2827245.91,697488.42,773206.27,847731.57,1015180.3,723540.05,918611.48,1197603.0,840718.89,1134519.02,1091901.1,681741.38,800332.48,718540.58,423670.57,646951.88,530752.5,403889.48,553189.21,283116.59,168661.95,166452.55,153065.63,150003.0,102186.97,87766.19,94075.51,126191.15,142215.89,112769.33,79778.95,86322.18,80195.89,64121.87,139890.36,100370.67,91199.15,63716.82,57894.09,45788.96,45190.44,35632.63,32610.6,35569.12,47875.21,45290.59,43994.81,37451.08,0.0
Produção - arroz - valor,Instituto Brasileiro de Geografia e Estatística,Mil Reais,0,brasil,4,Sul,3566561.52,5156310.24,4073736.08,1572549.13,1529434.2,1436891.48,2147876.41,1951358.52,2225118.64,2020058.37,2457278.51,2606031.16,2294170.41,1824286.72,2071998.75,1534457.25,1953143.41,2530872.38,2151103.64,2376731.71,2750589.56,1688084.86,1388962.08,1383481.11,1640443.47,1973719.33,1425912.63,1762608.68,2065502.9,2723476.75,3041136.32,1837418.8,1759114.36,1735008.19,2431929.59,2402131.89,4484802.0,3703266.44,4099573.16,4679830.23,4827327.74,4796820.84,4467241.57,4878622.6,4091355.84,3929905.62,4850855.38,7573056.49,5539184.21,5846569.4,0.0
Produção - banana - valor,Instituto Brasileiro de Geografia e Estatística,Mil Reais,0,brasil,5,Centro-Oeste,148986.91,112431.79,158771.12,299137.3,137884.64,100798.62,121093.32,158289.67,165626.89,188276.95,198703.2,169544.7,220656.78,234014.14,212946.9,178833.18,247828.56,224374.67,205962.49,135972.48,465631.13,321849.79,254145.8,305084.1,243611.28,253341.6,225220.02,251701.73,157929.69,171548.3,199196.43,197497.5,186544.77,80487.36,76784.16,83830.03,84330.19,217696.68,220256.17,231929.89,216675.17,194660.02,213630.65,206048.14,192818.88,213071.45,274983.33,238941.81,232783.53,251365.04,0.0
Produção - banana - valor,Instituto Brasileiro de Geografia e Estatística,Mil Reais,0,brasil,2,Nordeste,1069424.03,929346.37,1310371.58,1341819.38,1189662.45,1264888.4,1194625.14,1039524.43,1155134.31,964577.17,1154547.09,842781.73,972311.27,957291.32,880943.21,978902.94,992027.78,793119.29,791803.1,880204.59,1555746.55,1207534.55,696629.68,721115.42,744493.15,787577.22,784775.48,1444898.75,1451987.56,1307584.29,1270262.34,1307564.66,1398117.63,729169.27,698325.21,603862.91,602628.28,1402815.45,1226769.04,1348273.9,1338127.68,1264403.67,1607613.73,1519304.35,1271721.41,1360913.32,1421950.5,1502852.32,1716166.19,1666425.19,0.0
Produção - banana - valor,Instituto Brasileiro de Geografia e Estatística,Mil Reais,0,brasil,1,Norte,68842.71,125526.08,113287.6,156634.13,140250.21,176250.21,285540.66,320864.38,284192.48,439033.87,291264.31,253038.6,366410.81,403117.74,546634.01,974792.03,504003.72,647401.62,376603.91,431163.18,838321.88,564547.57,372232.3,361879.74,425957.54,410680.38,379413.34,567996.99,838707.43,696080.99,592857.48,439908.51,466765.61,210309.5,173729.16,188718.82,180687.19,443752.98,418431.91,616287.59,673909.96,727755.2,755698.06,712291.17,680624.57,647735.65,647675.28,650455.34,704337.59,850007.54,0.0
Produção - banana - valor,Instituto Brasileiro de Geografia e Estatística,Mil Reais,0,brasil,3,Sudeste,871804.38,848115.33,1009982.87,1224187.52,873549.01,844667.2,858061.56,949539.64,964785.72,1020417.66,1323441.19,1671561.12,2309686.43,2187864.45,1687043.61,929398.6,1613608.09,1245829.4,695020.2,665784.41,899776.66,863579.98,802095.7,837728.84,1002247.43,617431.69,720532.05,1269669.84,1247967.97,1129536.93,1008088.12,1019837.81,1102211.23,433504.54,498951.21,497422.44,682410.36,1602852.95,1478218.77,1433596.66,1442266.8,1410402.68,2008973.48,1757914.18,1518471.94,1629225.98,1629741.09,1594924.73,1815438.32,2019404.52,0.0
Produção - banana - valor,Instituto Brasileiro de Geografia e Estatística,Mil Reais,0,brasil,4,Sul,184310.94,261813.03,297887.0,344074.98,272850.05,262328.28,259588.49,259958.57,230660.01,210943.04,311016.68,256853.94,354516.53,314944.39,281754.97,351957.15,293860.06,353317.98,418018.36,163014.41,669491.73,356954.55,203437.4,193109.82,213759.73,229604.78,233909.2,269033.55,314254.29,423996.53,443389.52,425001.92,435578.5,212275.98,187777.32,170323.27,175094.81,371336.03,416448.66,438693.01,444945.16,384342.57,567273.36,656918.66,404060.81,388612.77,560628.37,677977.0,745824.56,858570.25,0.0
Produção - batata-inglesa - valor,Instituto Brasileiro de Geografia e Estatística,Mil Reais,0,brasil,5,Centro-Oeste,54405.02,937.2,4103.44,2694.31,2831.24,5393.98,3939.58,15343.84,14065.85,47957.65,27824.63,25145.56,44203.24,38482.34,35363.61,16879.77,55169.75,22577.8,51521.68,21508.82,71165.63,42869.6,17706.56,34636.11,60349.92,55581.26,28324.25,72768.18,187067.97,62270.28,155412.82,127506.52,68481.11,36303.18,56049.34,76108.78,209621.0,139560.53,292181.63,200917.28,75046.43,158989.92,156907.29,134487.4,135539.78,180430.22,188949.19,110667.88,231377.5,246953.85,0.0
Produção - batata-inglesa - valor,Instituto Brasileiro de Geografia e Estatística,Mil Reais,0,brasil,2,Nordeste,156156.66,107526.64,73105.34,31418.12,25819.01,23116.6,17668.91,24870.54,17891.07,22788.86,15236.7,22040.58,41798.66,12748.51,16931.03,23169.55,23248.22,25132.67,43047.98,50571.56,114370.04,53423.01,51179.92,26051.63,20077.29,30421.0,43621.59,61612.86,115647.0,151287.29,141024.36,136925.34,147422.3,104276.86,110638.98,102873.93,223913.0,274116.36,100511.05,142693.93,266933.31,213834.06,290499.09,201372.51,244136.53,342763.2,425038.98,314176.24,266104.83,298677.11,0.0
Produção - batata-inglesa - valor,Instituto Brasileiro de Geografia e Estatística,Mil Reais,0,brasil,1,Norte,638.88,0.0,0.0,0.0,0.0,0.0,0.0,0.0,0.0,0.0,231.76,0.0,0.0,0.0,0.0,0.0,0.0,0.0,0.0,0.0,0.0,0.0,0.0,0.0,0.0,0.0,0.0,0.0,0.0,0.0,0.0,0.0,0.0,0.0,0.0,0.0,0.0,0.0,0.0,0.0,0.0,0.0,0.0,58.74,0.0,0.0,0.0,0.0,0.0,122.66,0.0
Produção - batata-inglesa - valor,Instituto Brasileiro de Geografia e Estatística,Mil Reais,0,brasil,3,Sudeste,2562112.97,1812270.66,2227627.55,1057396.29,1324209.71,1161449.32,2041878.26,1721142.64,1141280.11,2459468.07,1538655.77,1539621.65,2340380.86,1519357.07,1333346.09,1869241.33,1481220.95,1075430.53,1348208.66,1063873.22,2644580.88,1539086.2,705518.32,1122362.47,1534314.85,1112152.75,1216056.38,1969922.28,1630299.24,1589804.38,1695316.56,1647603.37,1461054.17,760094.87,667207.78,747414.73,1495438.94,1134444.22,1115074.67,1734011.97,1190435.28,1417235.33,1854932.87,823350.63,888913.38,1395805.81,1387340.32,1152743.28,1470274.49,1557454.8,0.0
Produção - batata-inglesa - valor,Instituto Brasileiro de Geografia e Estatística,Mil Reais,0,brasil,4,Sul,2405073.93,1462704.75,2502863.78,1329045.36,1189412.7,925474.44,1200299.44,1367527.9,786268.95,1273646.5,943009.98,532290.8,1305496.15,938373.95,481515.2,692318.61,3014797.68,873894.99,603203.7,600381.8,2216704.95,1192076.48,651165.34,747757.25,1025059.62,662876.02,541080.81,1038372.09,828452.83,851084.82,665734.65,791690.39,817369.94,266686.33,336891.39,382424.83,878525.0,605723.4,498530.31,989839.03,854520.7,1092133.44,1427981.66,663756.98,590687.52,1145111.05,880925.92,982277.21,961648.79,1237253.76,0.0
Produção - cacau - valor,Instituto Brasileiro de Geografia e Estatística,Mil Reais,0,brasil,5,Centro-Oeste,0.0,0.0,0.0,0.0,0.0,0.0,1322.36,356.84,383.4,1922.09,9453.08,11073.09,12141.77,13799.64,9007.79,4585.37,3726.21,9636.54,2913.73,3737.59,1776.52,669.13,543.9,470.39,1074.78,571.81,1124.8,1163.65,2205.55,451.83,515.47,418.43,431.6,492.17,887.74,537.04,1289.78,3095.5,1931.19,1548.16,1712.14,1835.19,1766.12,1734.19,2538.01,2008.12,1471.78,1580.61,1582.69,3040.73,0.0
Produção - cacau - valor,Instituto Brasileiro de Geografia e Estatística,Mil Reais,0,brasil,2,Nordeste,1711504.32,2541502.2,3151715.24,5147774.71,5082548.45,5073285.31,3104575.37,2901732.5,2301502.55,4021355.58,4694683.14,4887907.55,3591325.74,3013971.88,5360306.01,1668103.08,615358.95,759430.69,584907.12,562869.99,703600.43,373750.47,280779.68,350138.84,439721.73,287361.36,221560.12,248888.42,516942.81,418335.92,449802.81,288182.35,304043.8,279878.73,275047.08,329422.21,356332.55,760178.85,688817.95,615346.43,644402.17,899015.84,703269.96,451670.98,582587.48,647161.38,693630.59,849766.69,872789.8,963508.87,0.0
Produção - cacau - valor,Instituto Brasileiro de Geografia e Estatística,Mil Reais,0,brasil,1,Norte,9860.74,13861.6,22746.44,45580.85,21831.98,41649.91,50870.34,70050.94,73117.71,318788.93,295334.73,896109.56,487479.75,481091.35,520107.85,139583.79,48094.86,111219.33,57932.1,73000.61,89389.59,54808.56,40779.23,56349.47,65856.3,57764.47,59750.71,64138.94,233402.89,152749.33,123480.87,117918.33,85339.29,109381.1,136072.4,179322.46,187557.99,377559.33,344830.17,330466.16,506334.17,579599.26,533584.95,546072.75,633177.76,697716.63,937077.82,926665.27,841310.88,851298.84,0.0
Produção - cacau - valor,Instituto Brasileiro de Geografia e Estatística,Mil Reais,0,brasil,3,Sudeste,88341.6,74659.86,129564.0,183012.78,241940.86,180384.0,120088.6,68681.91,79856.69,126753.0,183690.75,162072.79,129927.72,37097.35,44451.92,13908.04,10756.97,14711.15,24495.96,9810.27,17078.78,5661.67,18073.49,24129.96,8509.22,11908.56,17184.81,31311.01,50789.38,21603.72,20344.36,27949.86,21356.34,16298.23,13563.55,19255.45,15748.28,34243.39,19967.94,18485.73,20129.86,29921.8,34716.03,32493.48,50816.35,65803.29,71705.1,76526.06,52283.87,76690.11,0.0
Produção - cacau - valor,Instituto Brasileiro de Geografia e Estatística,Mil Reais,0,brasil,4,Sul,0.0,0.0,0.0,0.0,0.0,0.0,0.0,0.0,0.0,0.0,0.0,0.0,0.0,0.0,0.0,0.0,0.0,0.0,0.0,0.0,0.0,0.0,0.0,0.0,0.0,0.0,0.0,0.0,0.0,0.0,0.0,0.0,0.0,0.0,0.0,0.0,0.0,0.0,0.0,0.0,0.0,0.0,0.0,0.0,2.93,0.0,0.0,0.0,0.0,0.0,0.0
Produção - café - valor,Instituto Brasileiro de Geografia e Estatística,Mil Reais,0,brasil,5,Centro-Oeste,125714.65,154823.67,124159.59,268229.62,288310.72,369865.39,444829.6,306602.68,236646.28,305888.41,394066.15,589914.04,989448.44,361173.87,167943.48,181214.39,226101.45,126910.94,136954.05,176299.08,167215.36,97469.19,51670.74,89213.27,87597.84,87041.04,91756.94,100241.36,101262.2,99665.41,137807.05,145281.12,125239.17,56042.03,54157.36,43056.37,50051.16,102504.07,116051.25,92180.38,80913.94,84190.61,89204.52,68033.72,79923.19,97277.51,82050.93,118300.6,152639.2,132516.25,0.0
Produção - café - valor,Instituto Brasileiro de Geografia e Estatística,Mil Reais,0,brasil,2,Nordeste,315577.09,400658.68,602545.45,576140.44,761185.84,853898.39,648687.94,464214.41,634923.28,650203.36,415948.06,1372331.1,2226649.8,629009.45,1006281.81,503631.21,385862.17,555286.98,423631.48,218416.55,911206.22,414780.3,274108.44,314194.27,257308.27,516594.39,537384.92,444201.67,456550.8,488249.82,561671.24,598962.53,654017.22,303738.6,311216.73,309326.2,263999.94,793902.55,604030.98,558767.51,687011.98,754782.09,591854.43,637572.89,813413.16,542553.13,887803.56,1059703.02,1092563.14,979351.53,0.0
Produção - café - valor,Instituto Brasileiro de Geografia e Estatística,Mil Reais,0,brasil,1,Norte,6493.67,4739.0,59823.29,50541.66,78053.43,159121.01,218151.49,192917.65,234933.64,476464.45,277737.81,1351864.94,525159.13,449795.42,297097.31,524026.53,432276.51,386482.18,394604.13,717327.56,1254082.29,805962.0,382387.69,359005.8,387059.61,751796.38,628087.11,206281.52,184146.2,483992.21,311864.22,333236.1,261756.5,164272.25,199128.35,147016.12,167009.09,285645.33,284921.19,215180.14,224500.41,208233.24,297784.36,505467.69,391958.78,330078.47,345978.62,536685.09,975284.22,956747.11,0.0
Produção - café - valor,Instituto Brasileiro de Geografia e Estatística,Mil Reais,0,brasil,3,Sudeste,7942929.75,6453426.88,5787169.2,13787751.03,12226188.35,13946128.68,9169357.85,13663404.13,7232548.19,12152663.54,12508586.57,25809985.8,16796156.07,12748060.57,12262971.97,10032767.67,6069482.46,6400439.93,6472366.38,9118323.56,15981376.78,6872326.82,6787562.15,7808521.94,8393609.58,7906705.17,7616344.32,5087634.1,7557808.38,5908146.53,9737380.04,8260187.43,10687974.38,3894719.75,4557193.57,3559289.36,4538299.68,13086976.62,12768300.41,8994873.37,10420053.12,9498402.29,12333314.53,9846910.6,11707000.16,8736493.85,12831908.11,14207174.31,19736075.31,15683167.67,0.0
Produção - café - valor,Instituto Brasileiro de Geografia e Estatística,Mil Reais,0,brasil,4,Sul,5592239.75,7400112.59,10465.08,2007942.62,3839248.73,1502727.75,2148331.15,4039181.13,756743.04,2686875.41,2755189.24,3748340.63,3704681.67,4700493.15,1069570.35,1465772.41,1162808.77,1282461.43,516110.24,556205.2,1192615.98,59377.19,434172.16,991009.26,1215621.11,1518946.91,832173.18,99430.0,353873.23,445398.04,652727.75,427858.7,597263.16,200315.1,296998.9,158125.48,260929.98,713646.67,519285.13,338423.34,157232.9,341846.74,261966.41,290918.76,255789.5,212739.88,253988.12,337019.45,372024.41,250804.18,0.0
Produção - cana-de-açúcar - valor,Instituto Brasileiro de Geografia e Estatística,Mil Reais,0,brasil,5,Centro-Oeste,135217.2,90625.84,119272.1,107925.4,155062.23,159006.27,190983.63,206389.2,364127.69,652619.56,945973.79,1011823.69,1178929.79,1133394.76,1450176.08,1060240.58,1052325.88,799379.69,946722.1,1311048.76,1309107.67,1127637.75,1016749.63,1195951.51,1247422.84,952335.32,915837.3,1138307.0,1532528.79,1757389.89,1713781.56,1697662.06,2146594.7,1065555.52,1212331.24,1501471.62,3657736.0,5243239.31,5421603.57,6260413.67,5742772.62,6193161.89,6914368.09,6477201.64,6531502.32,6871609.3,6792304.76,6581699.0,8585991.27,7781377.16,0.0
Produção - cana-de-açúcar - valor,Instituto Brasileiro de Geografia e Estatística,Mil Reais,0,brasil,2,Nordeste,3289175.3,3763993.79,3914991.36,4284269.8,4777969.55,5387626.15,6268125.75,6600320.83,7484759.75,7629641.03,7212269.64,7478902.27,5217824.47,8637285.17,8147904.8,13139490.73,6209825.5,6226730.43,7016381.76,4189963.6,5667915.43,4198736.66,3471826.09,3904666.18,3986339.1,2974016.44,3751353.64,3873688.77,5228114.0,3796219.01,3672383.6,3401389.8,3627093.14,1590206.48,1743307.69,1798581.75,4039646.0,4540150.29,3682691.41,3517534.89,4007648.17,3052599.13,2955022.16,2413276.37,2312904.79,2394791.67,2615924.62,3158060.11,3383571.33,3559870.99,0.0
Produção - cana-de-açúcar - valor,Instituto Brasileiro de Geografia e Estatística,Mil Reais,0,brasil,1,Norte,135617.22,60062.32,49876.97,36163.68,31407.63,49113.05,127818.08,99447.04,59647.72,47845.83,92290.42,177241.0,223596.91,150051.7,181722.63,424069.94,184235.27,136818.02,76221.21,106154.78,236102.54,88556.67,85926.94,51280.27,187298.73,141200.46,147805.35,157722.16,142444.88,126338.96,104599.66,167220.13,173473.88,76491.05,84527.47,97677.93,187892.0,324391.04,300062.17,410950.9,342828.06,242033.25,240605.4,216811.83,214523.05,254589.55,245317.91,241361.29,249804.85,268897.55,0.0
Produção - cana-de-açúcar - valor,Instituto Brasileiro de Geografia e Estatística,Mil Reais,0,brasil,3,Sudeste,4333859.07,5068211.41,6013809.07,6340289.37,6809534.05,7413616.76,8934584.44,8878540.68,10723901.27,12904571.36,13785398.6,13896246.39,9132085.74,12785229.4,12213667.97,11224471.77,11788998.61,10623839.49,14787322.8,11372295.24,12639980.0,7807407.38,9152502.14,9480353.76,8896341.71,6597339.8,8893438.15,11554829.04,13699644.66,13177170.76,11684166.43,12287547.89,15628691.36,7281594.73,6766991.04,7696113.35,18474651.0,23943219.34,23047488.5,21819208.22,19010968.97,18547663.81,20687430.03,22134068.56,19861881.8,19532249.35,20625332.84,23455679.78,26524726.87,28094876.31,0.0
Produção - cana-de-açúcar - valor,Instituto Brasileiro de Geografia e Estatística,Mil Reais,0,brasil,4,Sul,368618.68,388725.62,456563.65,454452.46,507504.93,541232.82,680784.0,705572.95,813923.55,1123762.99,960356.64,1098126.59,969279.58,1214147.18,1112570.61,1443660.52,977495.24,981756.9,1170457.69,1111597.44,1455450.34,1008963.46,1109058.56,1192595.75,1288716.82,998092.35,1308847.97,1388925.58,1321108.08,1604360.87,1600770.96,1359788.42,1803104.84,905704.23,876562.55,958208.46,1958284.6,2161017.82,2231325.29,2158758.59,1973200.45,1886601.69,1935800.85,1718041.23,1545223.61,1634641.81,1673561.35,1699869.47,1658861.25,1986359.28,0.0
Produção - casulo de bicho-da-seda - valor,Instituto Brasileiro de Geografia e Estatística,Mil Reais,0,brasil,5,Centro-Oeste,2123.15,3651.2,13884.33,15160.77,16064.64,10369.72,1936.44,1281.91,2764.47,3478.52,5490.65,7073.75,4888.19,7077.25,11324.82,10672.05,7233.0,7769.24,7152.59,6478.75,7209.6,4147.68,4010.81,3498.81,2474.53,2624.79,3352.32,4551.4,4014.17,4305.99,3342.55,2822.19,3609.07,2588.31,1815.09,1367.21,947.0,816.11,720.99,1049.35,1234.86,1431.26,1466.69,1503.49,1495.62,1377.12,1337.75,845.86,639.78,745.36,0.0
Produção - casulo de bicho-da-seda - valor,Instituto Brasileiro de Geografia e Estatística,Mil Reais,0,brasil,2,Nordeste,0.0,0.0,0.0,0.0,0.0,0.0,0.0,0.0,0.0,0.0,0.0,0.0,88.96,64.22,199.95,136.46,708.86,335.95,375.95,126.47,93.64,6.9,5.82,0.0,0.0,0.0,0.0,0.0,0.0,0.0,0.0,0.0,0.0,0.0,0.0,0.0,0.0,0.0,0.0,0.0,0.0,0.0,0.0,0.0,0.0,0.0,0.0,0.0,0.0,0.0,0.0
Produção - casulo de bicho-da-seda - valor,Instituto Brasileiro de Geografia e Estatística,Mil Reais,0,brasil,1,Norte,0.0,0.0,0.0,0.0,0.0,0.0,0.0,0.0,0.0,0.0,0.0,0.0,0.0,0.0,0.0,0.0,0.0,0.0,0.0,526.1,33.44,68.96,37.84,202.63,0.0,0.0,0.0,0.0,0.0,0.0,0.0,0.0,0.0,0.0,0.0,0.0,0.0,0.0,0.0,0.0,0.0,0.0,0.0,0.0,0.0,0.0,0.0,0.0,0.0,0.0,0.0
Produção - casulo de bicho-da-seda - valor,Instituto Brasileiro de Geografia e Estatística,Mil Reais,0,brasil,3,Sudeste,106001.2,132816.4,141411.08,104401.45,107521.17,106632.3,102415.96,78765.13,75497.14,67562.2,89556.07,79394.77,72915.65,64295.99,61218.76,99605.76,63782.86,53728.25,45191.71,33752.67,24578.31,19972.98,16316.65,10331.58,7953.8,3733.3,4738.3,4551.42,4018.04,3255.38,3239.01,4400.11,4698.93,3699.55,2424.8,2467.72,2365.0,1452.18,1827.71,2794.03,3349.06,4606.47,3991.56,4259.55,4204.62,3951.61,3310.86,2161.3,2408.65,2253.26,0.0
Produção - casulo de bicho-da-seda - valor,Instituto Brasileiro de Geografia e Estatística,Mil Reais,0,brasil,4,Sul,7239.05,26330.51,24317.84,26774.7,27574.21,48874.96,64121.99,62202.24,66647.0,49957.88,56909.09,74659.93,81402.21,102444.92,111007.51,190003.14,134186.16,168968.04,107737.69,196837.13,172943.72,96231.13,96160.25,90914.84,80676.19,67562.63,57027.63,72288.43,75098.95,69137.24,60184.11,58424.62,54769.1,54638.92,38780.32,32150.79,22621.0,24155.65,22644.95,23858.95,25843.14,27916.52,25114.61,26489.31,27595.46,27818.71,24686.39,18537.39,17464.54,17951.59,0.0
Produção - cebola - valor,Instituto Brasileiro de Geografia e Estatística,Mil Reais,0,brasil,5,Centro-Oeste,1640.77,1344.34,701.25,377.27,480.51,854.08,229.84,280.85,435.03,291.97,272.82,614.13,380.39,597.42,1716.69,517.35,506.76,247.23,1173.12,650.15,878.79,2088.12,1165.36,394.37,471.74,2939.19,5180.19,7085.76,22171.93,21266.84,23765.47,13421.98,25335.37,13202.72,31899.17,16850.29,102173.0,74047.31,39147.31,126376.92,57436.52,145448.97,64024.57,92132.24,67769.01,246491.43,227478.57,111417.56,205557.19,341736.54,0.0
Produção - cebola - valor,Instituto Brasileiro de Geografia e Estatística,Mil Reais,0,brasil,2,Nordeste,56197.4,47935.38,173899.15,144523.2,184886.15,153128.99,245148.47,165192.38,248090.72,266491.82,168183.49,139904.31,149959.13,99470.77,222901.25,180952.8,192003.65,123868.73,203447.63,261549.1,253602.53,167542.06,99844.92,141813.71,113288.97,105095.43,134885.13,131950.97,177656.67,197885.5,203192.59,199273.96,240069.81,155237.52,146342.74,166873.16,423108.27,276243.49,284505.59,216767.32,255842.99,252523.07,257950.1,151505.44,178114.35,222856.44,271609.11,253274.71,352776.35,331285.24,0.0
Produção - cebola - valor,Instituto Brasileiro de Geografia e Estatística,Mil Reais,0,brasil,1,Norte,11.29,0.0,0.0,0.0,0.0,0.0,0.0,0.0,0.0,0.0,0.0,0.0,0.0,22.93,23.63,37.39,0.0,0.0,0.0,35.85,0.0,0.0,0.0,0.0,0.0,0.0,0.0,0.0,0.0,0.0,0.0,0.0,0.0,0.0,0.0,0.0,0.0,0.0,0.0,0.0,0.0,0.0,399.66,486.48,450.92,471.97,543.02,3267.66,3084.52,0.0,0.0
Produção - cebola - valor,Instituto Brasileiro de Geografia e Estatística,Mil Reais,0,brasil,3,Sudeste,128337.68,166429.01,237174.21,343921.39,717820.82,806910.28,752133.82,424969.71,591448.23,583806.8,401764.3,878093.52,444921.49,345237.2,729667.35,299515.42,691505.74,272984.59,803154.62,390973.57,687589.41,367168.72,188363.32,290495.38,258694.97,278104.7,305081.97,261119.44,314884.85,233194.28,325716.44,171843.14,212888.96,90993.44,107433.29,133633.3,147449.62,143547.83,261120.87,256794.49,250393.8,441772.91,208282.88,238623.02,185458.41,318020.75,328760.95,221812.36,460072.99,296987.72,0.0
Produção - cebola - valor,Instituto Brasileiro de Geografia e Estatística,Mil Reais,0,brasil,4,Sul,217589.24,268061.38,279112.99,235789.39,386392.53,322419.48,356166.04,256870.17,468031.93,433320.09,275976.19,265562.7,445600.49,281663.29,265021.51,165745.46,361120.06,428119.13,503835.55,362354.33,626267.01,436309.13,200727.48,347412.25,294916.93,323794.63,376703.72,468584.16,409355.94,393475.03,375889.92,323940.82,436584.65,183842.29,213076.62,201339.1,663216.0,337408.42,426127.64,438334.94,425218.15,404648.96,644670.88,387556.08,528342.36,465355.74,520897.18,571245.62,738573.07,694168.57,0.0
Produção - feijão - valor,Instituto Brasileiro de Geografia e Estatística,Mil Reais,0,brasil,5,Centro-Oeste,1029079.52,1350241.47,1860282.86,704446.19,352348.93,349370.7,506553.18,596238.59,400720.05,456072.96,637155.35,483794.86,398922.81,479342.49,320345.26,473088.16,470658.12,538095.3,369175.41,441010.09,588304.93,238620.01,249105.35,324220.61,666520.11,396892.44,332204.37,540809.49,669947.33,891322.31,485150.22,690499.79,536331.05,250311.51,477237.84,279933.29,932269.0,826713.94,1191280.83,1103466.26,715529.96,861029.81,1566257.59,992802.44,670424.54,958859.45,1425115.13,1288353.66,1146231.87,1058821.79,0.0
Produção - feijão - valor,Instituto Brasileiro de Geografia e Estatística,Mil Reais,0,brasil,2,Nordeste,4520511.42,4375168.04,4066703.09,2492870.33,2049069.82,2513319.4,3116458.99,2676398.72,1922323.14,1422757.79,3036449.6,2466026.04,3373598.25,1652035.54,3070193.12,3004617.0,1888576.09,2292983.8,2518374.88,1790097.73,3368568.33,1591693.0,1277593.77,1402614.84,1058532.99,1136654.16,1381869.87,915167.47,1679255.8,1608750.02,1339851.59,1372449.59,1368119.47,746421.25,849117.66,479331.01,1141465.0,1296778.14,579993.08,799282.36,759278.2,768098.02,776802.16,731171.61,634650.34,670886.85,1036938.39,940950.01,851419.55,726195.57,0.0
Produção - feijão - valor,Instituto Brasileiro de Geografia e Estatística,Mil Reais,0,brasil,1,Norte,281264.6,522440.71,376370.53,140557.45,107012.25,118296.07,195920.84,211509.93,241259.67,273578.41,384992.62,190850.87,204436.14,308337.49,273480.34,354949.87,249489.81,231722.73,296247.58,379819.64,446002.23,202912.86,194751.54,174310.26,250681.21,194030.17,154668.83,169361.47,221774.48,279576.1,203761.26,207654.27,207599.95,96425.64,128024.73,100724.42,190797.0,191212.83,211079.09,167256.92,124532.99,90772.2,124727.55,136311.61,90149.07,97556.15,122091.16,162114.74,121586.93,158934.48,0.0
Produção - feijão - valor,Instituto Brasileiro de Geografia e Estatística,Mil Reais,0,brasil,3,Sudeste,4589815.64,3502765.07,4843633.7,2093669.94,1526380.9,1723883.67,3988999.24,4064897.73,2106428.74,2700092.99,3418569.69,2418081.38,2061663.82,2066690.31,2649647.32,2294553.19,1605428.15,1635678.28,1669764.39,1734879.83,3223239.52,1049685.9,934105.1,930838.23,1488987.45,1206267.84,1004082.74,1330398.16,1706158.01,1896958.14,1325402.45,1506533.93,1236720.27,669725.82,1082875.79,661695.77,1395044.0,1250193.51,1845244.15,1672627.72,861176.08,1137212.02,2191905.8,1054363.22,925808.68,1345596.76,1710874.11,1634303.02,1603208.27,1438510.21,0.0
Produção - feijão - valor,Instituto Brasileiro de Geografia e Estatística,Mil Reais,0,brasil,4,Sul,4897777.82,3675737.44,4000919.81,2764486.07,1397727.59,1639221.15,1866400.7,3984864.32,2458458.97,966078.7,2149823.77,1875428.21,1231347.66,915942.78,1013228.3,801254.71,1051456.12,935264.91,1416866.72,1512209.09,3063834.2,1441954.88,1006805.08,1156952.89,1585892.34,1357674.41,871985.66,1078927.76,1624784.41,1998633.33,1409217.6,1222985.18,1361277.35,458321.8,1168182.42,649453.55,1283639.0,1188586.45,1489569.0,1783114.13,1356333.03,1278896.67,1528211.62,1346175.49,951982.9,1126801.59,1394147.19,1600227.16,1598730.96,1405777.6,0.0
Produção - fumo - valor,Instituto Brasileiro de Geografia e Estatística,Mil Reais,0,brasil,5,Centro-Oeste,26205.44,18545.15,24624.95,13155.85,7106.11,9145.49,4748.62,8248.94,13250.74,7483.91,2305.52,2292.04,2309.2,1796.26,704.25,777.64,92.25,222.92,112.56,71.94,244.64,156.91,65.08,45.93,42.64,0.0,0.0,0.0,0.0,0.0,0.0,0.0,296.55,100.72,82.82,62.66,128.0,140.33,62.43,0.0,0.0,0.0,0.0,0.0,5.27,25.29,38.53,24.74,62.34,36.39,0.0
Produção - fumo - valor,Instituto Brasileiro de Geografia e Estatística,Mil Reais,0,brasil,2,Nordeste,305592.14,305585.4,327479.81,318948.58,511791.6,323972.83,365796.84,396170.7,269259.96,285749.98,221220.61,379242.49,288852.86,358736.71,171764.94,288578.33,656050.65,81473.42,69999.3,124757.28,204899.04,109262.31,90875.37,102518.12,102806.99,84374.57,64179.71,45968.8,67853.32,86804.14,81308.63,86284.02,103104.94,41013.12,33423.13,27914.09,80082.0,51500.86,45283.86,28297.44,27082.45,28137.4,25629.13,76732.71,88504.63,118134.65,130797.84,98872.09,95033.78,115740.22,0.0
Produção - fumo - valor,Instituto Brasileiro de Geografia e Estatística,Mil Reais,0,brasil,1,Norte,34241.43,20990.48,39692.51,34696.8,24226.01,24293.52,20337.23,15448.32,14995.5,12033.65,12592.78,9668.85,12540.29,10643.98,3491.6,6077.23,5031.58,3289.54,2572.13,1442.14,2055.32,3009.29,3222.32,1613.91,2170.74,1683.59,1787.83,1007.47,1198.76,1049.05,1689.05,3949.95,1796.54,678.18,488.65,423.48,1829.0,1411.57,887.8,814.65,1084.38,1445.64,888.14,942.35,699.8,701.21,665.45,470.54,482.42,392.92,0.0
Produção - fumo - valor,Instituto Brasileiro de Geografia e Estatística,Mil Reais,0,brasil,3,Sudeste,96842.21,156472.72,85658.05,77964.11,67917.99,69953.41,55551.09,64684.07,104161.05,60701.04,41561.04,32024.47,51312.84,33235.06,22784.24,16834.71,25019.27,22563.47,10241.0,8574.83,21561.3,12825.72,9877.27,7908.61,7635.4,8087.7,7061.99,8896.31,7631.31,1443.66,1634.95,12453.89,9272.55,5327.44,4272.02,5862.84,6080.53,108.94,101.78,243.45,99.59,50.75,81.84,3768.18,3025.23,3202.1,2851.76,2891.38,2895.78,2467.9,0.0
Produção - fumo - valor,Instituto Brasileiro de Geografia e Estatística,Mil Reais,0,brasil,4,Sul,1139538.47,1155179.87,1230308.15,1572558.11,1878630.04,1809767.49,1413280.04,1416587.45,1986531.9,1601098.45,1699859.35,1865520.12,2307507.23,1099872.64,1107271.08,937383.15,1391628.44,1391544.07,2092790.89,1164882.31,3683417.28,2103121.66,2430059.17,2725769.73,2133712.4,2308850.19,2234140.3,2764196.18,3306779.26,4098440.51,5528342.28,5008189.5,4379392.17,2003968.47,2120768.61,2094024.17,4434450.0,4380893.37,3888001.82,4450835.76,4436418.96,4004562.21,3612708.5,4153820.3,3682744.8,3649021.36,3059036.79,3072479.47,3544075.49,4208011.13,0.0
Produção - laranja - valor,Instituto Brasileiro de Geografia e Estatística,Mil Reais,0,brasil,5,Centro-Oeste,74728.11,75395.82,52136.89,68342.78,31664.86,30739.32,34318.34,39467.5,30798.12,34554.93,61467.67,47262.96,88472.51,58603.16,97841.61,132927.65,70049.86,227220.81,281641.23,405709.99,152405.39,134487.88,71100.18,94776.44,61887.35,55849.58,73435.18,78877.72,71324.09,75572.91,76705.04,75503.08,76002.2,29338.99,32871.82,27783.88,29526.74,58779.4,52987.26,52496.0,55691.88,54134.38,65710.13,64660.18,74599.52,78881.92,77084.76,83298.95,99713.01,116128.25,0.0
Produção - laranja - valor,Instituto Brasileiro de Geografia e Estatística,Mil Reais,0,brasil,2,Nordeste,346351.27,406584.14,415843.98,412616.82,518313.7,589847.36,536139.4,546294.92,585220.72,574877.45,828252.99,990941.54,598665.73,676371.76,749710.21,1115807.16,1046350.82,676732.8,824041.24,1245904.74,1424625.15,679913.84,540579.59,425960.33,528112.64,356903.44,325610.44,365061.61,488630.52,461517.3,357281.42,473826.81,527508.64,203872.1,193773.67,275392.47,249316.59,472343.82,427678.4,434318.26,400450.46,384937.83,380192.15,335178.89,393644.77,344961.06,369938.45,374169.39,375201.58,395758.37,0.0
Produção - laranja - valor,Instituto Brasileiro de Geografia e Estatística,Mil Reais,0,brasil,1,Norte,42709.84,45086.47,51472.3,33029.35,31479.78,41113.22,68112.52,83165.68,62019.78,73799.12,122948.31,111448.13,227434.72,247556.86,299243.46,351911.82,241270.69,200888.32,153030.17,217365.51,344722.02,173195.46,165930.81,122522.78,131624.73,123642.37,242207.53,86026.13,75974.74,73373.35,53936.25,69173.91,122071.13,29107.77,27543.29,39684.36,48614.5,135849.17,161856.8,176119.52,170581.08,213054.99,189677.14,182087.28,130470.79,149071.1,145028.23,99747.32,118263.65,147953.7,0.0
Produção - laranja - valor,Instituto Brasileiro de Geografia e Estatística,Mil Reais,0,brasil,3,Sudeste,3113429.29,2351867.45,2801106.06,3514241.9,2966126.87,3197815.54,3595600.71,4834024.13,4044900.46,3678829.06,6852133.78,7812422.64,5142257.36,7275418.97,17902067.96,26150915.05,5591831.12,7654184.47,7951176.24,10421538.86,13378924.02,2923134.77,2249524.43,2056989.53,2888644.18,2712099.83,1849370.71,4521074.27,6262356.55,5914635.63,5776010.7,4837094.19,5992508.94,2565869.68,2223627.57,1795740.85,2233168.36,4945188.96,2868150.12,2697398.63,3058176.17,2862493.43,4229771.32,4130099.33,4445150.01,4314513.71,4633150.95,4779409.69,5112165.41,6937593.53,0.0
Produção - laranja - valor,Instituto Brasileiro de Geografia e Estatística,Mil Reais,0,brasil,4,Sul,418420.82,426201.45,463682.82,476309.26,382122.65,390050.34,368585.32,298597.66,363466.84,248910.62,275129.3,338842.15,426759.74,276933.93,294948.92,435370.87,401168.81,345136.63,349475.43,421176.37,586438.57,410944.54,249936.98,303874.18,366771.64,310332.86,359797.96,381118.91,446617.14,484513.2,392151.23,324050.21,359626.91,158507.39,162173.05,159865.82,185605.0,440121.07,420042.46,431076.97,398781.85,392781.19,399993.3,537674.89,484320.18,470198.52,436992.24,516101.61,464153.45,570182.83,0.0
Produção - leite - valor,Instituto Brasileiro de Geografia e Estatística,Mil Reais,0,brasil,5,Centro-Oeste,994660.64,1151814.25,1147770.03,1232211.15,1313625.6,1374920.56,1826625.3,1464881.35,1457556.65,1827344.93,1878184.77,1765417.93,1680534.63,2188747.58,2960887.93,3117664.88,1836338.63,1986820.32,1923425.98,2474587.74,2718088.27,1615711.44,1690114.36,1463209.52,1472757.59,1570742.34,1755847.68,1778988.72,2074317.37,2149474.27,2394408.51,2270879.61,2206471.42,2558897.82,2674756.8,2685693.87,2883948.0,3249315.62,3204471.24,3474584.18,3302792.45,2900865.5,2626399.72,2541852.69,2656192.78,2758660.39,3153938.94,3314075.38,3566750.26,3440091.66,0.0
Produção - leite - valor,Instituto Brasileiro de Geografia e Estatística,Mil Reais,0,brasil,2,Nordeste,1771605.82,2082190.8,2209587.85,2349966.44,2574426.28,2867643.31,3136902.8,2946206.63,2482702.12,2603030.71,2753480.78,2431711.44,2653661.03,3457220.12,3915503.74,7887900.0,2952997.46,3706393.88,4063858.48,3726644.69,3561832.78,2215267.33,2339139.88,2201383.49,1880924.26,1799473.33,1835689.28,1779422.68,2337377.02,2081970.85,2311305.64,2398548.9,2561713.71,2759645.66,2922922.59,3128163.22,3080274.0,3091475.07,3050707.72,3200646.03,3185216.49,3206046.39,3197221.11,3146739.24,3299018.43,3415703.33,4097255.74,4732900.16,5066909.48,5398283.62,0.0
Produção - leite - valor,Instituto Brasileiro de Geografia e Estatística,Mil Reais,0,brasil,1,Norte,301712.12,252136.31,261202.72,280025.44,286450.74,315141.9,488606.45,457313.21,538621.89,595458.51,720741.28,637314.58,887398.0,861669.33,1185957.95,2288752.35,658388.17,1159412.1,984913.58,2049785.35,1206766.32,740398.15,582396.13,575386.62,614420.03,689759.4,693281.21,694355.56,872805.91,920300.26,1064441.18,1102656.64,1083065.27,1169123.03,1167897.74,1126564.04,1195499.0,955186.85,1027983.77,1165876.67,1174861.42,1088340.42,1084394.65,1286996.86,1325385.67,1301323.24,1429022.35,1398318.4,1500830.03,1496030.53,0.0
Produção - leite - valor,Instituto Brasileiro de Geografia e Estatística,Mil Reais,0,brasil,3,Sudeste,6719028.1,7365008.61,7108256.25,8362039.88,8535044.08,8970817.28,9514464.83,9692746.57,8711030.38,9746431.33,9170142.49,8370201.54,8093033.27,11098832.99,11507015.59,14265544.53,8437140.91,8996053.74,8432413.75,10421563.87,9933987.58,6178934.3,5821446.4,5371773.06,5058895.66,5233406.23,5764152.83,5300544.4,5964495.26,6301544.66,6890242.1,6698647.84,6472916.88,7754933.58,7716003.73,7564736.38,7838067.0,8301593.26,8410843.03,9476360.86,8930485.5,8208015.74,8808312.31,7642468.6,7716115.87,8388517.91,10629087.79,11349586.03,12229871.17,11076632.16,0.0
Produção - leite - valor,Instituto Brasileiro de Geografia e Estatística,Mil Reais,0,brasil,4,Sul,3158343.63,3514947.37,3592735.19,3667223.89,3501305.19,3380589.76,4120423.54,4081857.77,3700405.0,3953224.68,3749631.07,3657953.23,3447689.69,4634187.54,5503152.36,7642338.57,3548103.17,3692383.86,3803234.03,5722339.96,5025623.64,2977696.93,2725923.56,2448942.05,2373579.2,2720922.22,2889519.23,2890242.0,3360847.87,3734749.45,4278076.3,4226294.98,4296698.47,5103165.89,5341181.66,5653032.31,6212566.0,6917936.98,7225081.23,8473137.98,8292592.0,8072856.92,9346693.1,7966340.13,8043651.64,8375779.0,10426413.15,10942323.7,11998277.5,11406544.01,0.0
Produção - mandioca - valor,Instituto Brasileiro de Geografia e Estatística,Mil Reais,0,brasil,5,Centro-Oeste,505528.4,589556.06,788674.9,1362708.44,408345.78,336871.2,366925.24,418974.74,375080.21,367854.61,498445.33,496779.85,475991.5,702617.84,647945.53,653317.2,439434.84,534870.12,534035.02,397228.7,795834.5,527084.72,282167.44,319399.33,374119.79,381386.88,452504.53,441673.56,450648.19,515983.86,633655.44,536457.1,574239.29,276783.24,272061.97,258886.02,510350.0,440023.1,491212.68,502222.89,483800.28,399545.33,483841.6,480141.02,429099.27,425793.88,455384.84,556549.15,658452.81,697700.72,0.0
Produção - mandioca - valor,Instituto Brasileiro de Geografia e Estatística,Mil Reais,0,brasil,2,Nordeste,3077521.39,4458602.08,5516234.16,5591100.74,2937959.1,3416479.32,4513734.64,4939940.45,3586696.92,3267915.6,4364416.79,3129533.46,3376503.25,4493936.88,5827712.17,5747816.41,3337476.32,3921916.44,4787091.46,3298314.89,3634845.47,2500232.83,1804615.35,1675166.72,1748409.55,1659851.47,1813002.14,1561596.06,2360994.89,2688849.81,2479377.91,1474521.68,1418285.81,753851.13,848709.82,710718.98,1505390.0,1433578.34,1664028.04,1569009.5,1460809.3,1256076.26,1228554.03,1127454.5,914821.42,733863.28,896907.22,1040542.91,1126110.91,1310613.03,0.0
Produção - mandioca - valor,Instituto Brasileiro de Geografia e Estatística,Mil Reais,0,brasil,1,Norte,741188.89,955803.47,1073935.29,935516.5,612451.32,828123.25,1022743.65,1241562.53,1145837.2,1895122.08,1759905.1,2044356.91,1850519.38,2092941.85,2356989.19,3471861.94,2351400.45,2033791.4,1763851.56,2189145.06,3386464.78,2366286.59,1578531.68,1261183.06,1180415.39,1241722.09,1205910.28,1146911.46,1215829.57,1259297.56,1267721.77,1382894.04,1364820.29,708462.92,700644.33,680944.16,2109694.0,2070274.31,2105606.34,2997844.81,2521591.91,2024906.75,2504240.18,2441728.87,2078069.48,1861017.24,2266083.06,2231196.47,2376039.97,2849473.25,0.0
Produção - mandioca - valor,Instituto Brasileiro de Geografia e Estatística,Mil Reais,0,brasil,3,Sudeste,1850496.19,1576248.39,1793490.59,1516299.22,1574319.12,1569985.73,1781173.15,1888674.02,1269311.32,1204879.82,1307514.46,1105103.78,1185307.94,1030922.23,1486432.9,1397056.64,1182948.14,1009366.15,1038359.54,970161.64,1555553.38,1416633.2,638574.95,788048.66,690528.04,659907.81,683783.58,578989.32,783605.47,882438.75,1072645.44,890940.12,715867.0,367345.73,391080.36,333743.6,784876.0,830878.38,771973.78,889605.05,744214.6,552198.43,674570.28,728123.34,648960.84,576969.28,737003.05,709300.45,925707.39,976089.26,0.0
Produção - mandioca - valor,Instituto Brasileiro de Geografia e Estatística,Mil Reais,0,brasil,4,Sul,1889600.58,2702472.99,3025019.43,4155635.51,1822957.5,2198684.05,1943986.4,1945597.7,1497699.12,1671425.67,1589946.75,1130274.41,1877239.13,1769874.33,1717334.97,1814702.16,1507192.94,1526544.82,1328972.75,1117829.19,2222604.3,1698912.15,1231142.62,1510446.17,1624302.52,1545263.53,1680403.16,1264109.68,1434498.11,1934386.36,2203402.67,1587078.8,1716585.58,741697.96,689796.53,743263.87,2092382.1,1810660.4,1711161.22,2100891.06,1838737.33,1414243.12,1705168.59,1955043.18,1758256.7,1377422.11,1395067.64,1418927.12,1628742.83,2007433.84,0.0
Produção - mel de abelha - valor,Instituto Brasileiro de Geografia e Estatística,Mil Reais,0,brasil,5,Centro-Oeste,614.69,1094.95,868.44,660.07,172.34,174.61,110.9,146.8,268.07,1529.38,2197.18,2513.93,4039.06,6879.08,7630.94,18044.77,7958.6,6934.6,6864.27,12397.12,11403.02,8640.16,8504.55,8189.1,8324.44,8575.2,8975.4,9148.82,9291.79,10968.38,11783.27,13488.19,15080.09,16829.78,15867.08,12308.25,12535.0,12279.61,12908.6,12787.1,14267.51,14471.0,16671.02,19008.03,15143.08,16291.84,17526.41,16900.22,15923.31,18182.15,0.0
Produção - mel de abelha - valor,Instituto Brasileiro de Geografia e Estatística,Mil Reais,0,brasil,2,Nordeste,8477.89,21267.04,17962.14,17208.43,19366.93,18342.94,15501.2,13937.58,16374.97,18413.32,24902.63,23622.93,25051.39,18958.04,24383.4,46144.63,18953.13,20090.31,16992.22,17956.49,20625.94,14574.02,17436.99,15894.52,13896.12,22011.29,24145.32,19129.84,35949.27,61245.28,64171.41,53511.18,58623.15,55491.15,61993.75,70249.52,62540.0,67416.87,40319.56,39751.35,56606.23,70400.25,68860.46,84212.48,78703.1,67998.97,103921.57,142021.51,157649.31,125148.62,0.0
Produção - mel de abelha - valor,Instituto Brasileiro de Geografia e Estatística,Mil Reais,0,brasil,1,Norte,225.87,354.15,381.32,468.82,427.0,558.73,604.22,844.71,1032.66,1140.95,2146.25,1396.92,1854.5,2596.87,2397.38,2383.44,1783.94,2873.86,3295.77,4073.78,7697.84,4664.92,2409.89,2777.36,2407.28,2898.87,4751.8,4666.23,4557.63,5391.9,5139.89,5618.59,5912.75,7299.21,8439.09,7721.86,9039.0,9184.05,9338.84,9109.2,10994.46,10186.02,9562.73,7955.59,8630.65,9352.84,10192.78,12485.21,13358.62,14559.28,0.0
Produção - mel de abelha - valor,Instituto Brasileiro de Geografia e Estatística,Mil Reais,0,brasil,3,Sudeste,8073.06,11072.56,9521.55,7391.6,7340.33,8245.29,10554.27,16262.27,23141.85,43530.46,58472.07,64550.2,74441.81,70142.35,100237.04,165120.55,67584.65,62681.98,74665.42,116096.14,86281.79,65966.76,52299.9,50506.89,45487.38,46737.89,50954.58,49160.51,55765.96,60916.18,58748.96,52944.41,57949.43,51601.68,48833.14,53772.6,52541.0,50319.27,52698.59,51965.59,56018.39,60685.77,70293.77,71763.31,65216.41,62680.7,65953.76,75479.33,84049.15,76429.33,0.0
Produção - mel de abelha - valor,Instituto Brasileiro de Geografia e Estatística,Mil Reais,0,brasil,4,Sul,34502.73,52252.58,67730.77,41279.41,37315.76,41777.69,40713.84,45592.19,44112.34,99272.84,100057.43,90650.64,79147.32,87008.86,111108.44,181353.81,90486.58,94299.04,86507.2,106812.75,102566.84,95672.77,113897.38,96772.01,99314.91,114648.86,102406.7,97185.65,100390.61,130888.13,127272.68,118434.21,115500.52,100400.73,96826.54,95987.36,96343.0,90726.84,90437.85,95865.36,94578.87,90664.61,134084.24,131844.03,126327.01,120350.01,136888.83,150611.69,151449.76,137022.98,0.0
Produção - milho - valor,Instituto Brasileiro de Geografia e Estatística,Mil Reais,0,brasil,5,Centro-Oeste,1065250.7,1292061.95,1207316.88,1208758.63,869221.02,1340403.29,1397856.76,1518642.2,1433481.72,1419416.67,1519968.75,1680654.48,2503354.39,2066858.99,1881383.28,1584683.39,1334092.24,1828880.79,1323753.3,1837314.6,2865766.66,1912026.94,1987310.85,1884918.33,1579577.1,1875405.58,2448519.66,2119899.62,3209404.04,4435391.35,3317769.64,2614876.67,2682826.35,2035092.37,2746687.21,1801261.03,3450196.0,5906339.68,8564452.6,7457813.72,6560025.77,8387354.53,9458613.05,8294705.89,10033762.73,12373340.72,18212591.2,28776036.07,31712258.71,19980653.55,0.0
Produção - milho - valor,Instituto Brasileiro de Geografia e Estatística,Mil Reais,0,brasil,2,Nordeste,1564736.7,1578102.29,1107348.09,1402011.14,1340487.12,1371951.62,895816.5,621367.94,985904.19,398746.08,1437643.52,1476583.72,1677769.59,682923.29,2114944.47,1828203.46,656087.64,1488135.24,1083026.72,800087.19,1980314.62,1112934.63,935872.53,860076.61,456284.57,877388.93,1252999.41,778965.34,1492822.83,1804283.13,1403161.52,1209238.18,1423127.2,704708.99,937511.81,806132.92,1519500.0,2177143.6,1602893.32,1750484.86,2098459.4,1782438.85,1487438.66,1889058.33,1890632.74,2187328.91,3703064.77,4532133.52,5045757.33,4161524.08,0.0
Produção - milho - valor,Instituto Brasileiro de Geografia e Estatística,Mil Reais,0,brasil,1,Norte,206923.57,177931.74,189461.46,141566.76,159011.85,185803.02,257729.28,286259.88,315980.29,331057.24,364602.96,407899.87,379224.42,454411.67,512501.53,620150.74,312211.98,432060.75,364738.3,707995.09,663338.93,419176.81,338792.49,335918.67,368869.6,443235.62,468112.29,410468.84,526286.69,703672.34,591597.95,513468.12,501646.25,235102.78,276276.93,260891.26,530450.0,608395.13,656057.86,578792.61,594774.73,739663.14,767288.88,770772.8,741181.79,938487.72,1458309.85,2381406.2,2658814.31,2618766.67,0.0
Produção - milho - valor,Instituto Brasileiro de Geografia e Estatística,Mil Reais,0,brasil,3,Sudeste,4726007.24,4308806.69,4554501.14,4061505.56,3789094.46,4805204.53,5404872.93,5210045.22,4450703.08,6740658.36,5544922.18,5631103.44,5526209.04,4617292.09,5713165.65,4532855.2,3361061.45,4976909.84,6213418.71,6469133.6,5417230.4,3009024.42,2752852.11,2772458.87,2753672.08,3032113.71,3468468.23,2808323.0,4450245.92,4935550.02,4704830.31,4267058.53,3239908.09,2077407.34,2217616.36,1723145.63,3558669.0,4013196.55,4203995.8,3847832.47,3392554.02,3373084.21,4427088.63,3224265.52,3519376.86,4037016.49,5533138.3,7528114.78,7713218.97,5344243.66,0.0
Produção - milho - valor,Instituto Brasileiro de Geografia e Estatística,Mil Reais,0,brasil,4,Sul,6886461.98,6058205.75,7101811.19,5944817.22,5167125.97,5606499.22,9157956.67,8873404.38,6618219.33,8166878.35,8999248.38,8424561.78,6642372.47,6493449.71,5253080.73,3871687.48,5698763.92,4049475.79,6546775.93,6211559.35,9852081.33,6016039.67,4966739.51,4288374.3,4819706.9,5260809.47,5990438.9,7060006.96,7262502.3,10638362.99,7901643.19,5001873.44,5332372.74,3884964.4,4545953.64,2762514.11,6120710.0,7817245.15,7915142.04,7625128.81,6533142.02,6133871.95,7771489.5,6015434.68,5879616.79,7204030.1,9312311.54,10998097.83,12200407.83,9527413.9,0.0
Produção - ovos de codorna - valor,Instituto Brasileiro de Geografia e Estatística,Mil Reais,0,brasil,5,Centro-Oeste,417.79,278.19,410.33,71.0,11.46,10.45,1.86,2.48,1.6,9.12,43.29,201.22,288.5,1343.7,1824.27,5665.97,2172.01,2718.33,10585.83,4987.29,3912.46,2385.88,3632.4,4676.77,5170.46,4939.6,4268.84,4657.83,4673.41,4490.89,4856.96,5047.48,4472.59,5260.18,5195.14,4985.26,12717.0,6670.15,6620.65,13305.82,17715.41,14493.53,9867.83,12229.82,12303.02,10900.26,12522.63,10480.76,10890.02,13488.42,0.0
Produção - ovos de codorna - valor,Instituto Brasileiro de Geografia e Estatística,Mil Reais,0,brasil,2,Nordeste,942.05,1724.5,1482.56,956.98,772.52,997.34,3400.21,2105.91,932.74,2399.21,4203.61,4693.94,7031.21,8655.66,11720.26,20069.21,5850.42,9431.08,7530.6,4670.19,5049.44,3568.47,6650.64,5079.32,6244.13,7242.65,9167.44,9655.6,13216.6,12017.26,13847.68,15465.94,17274.72,18567.42,17985.84,17199.23,17027.0,15973.19,16789.8,19290.09,23684.76,32087.48,24756.86,26824.06,22296.93,32690.66,30121.39,40447.89,55314.29,78220.84,0.0
Produção - ovos de codorna - valor,Instituto Brasileiro de Geografia e Estatística,Mil Reais,0,brasil,1,Norte,177.45,150.51,174.86,58.67,49.24,49.5,44.08,42.46,72.24,70.05,95.66,126.86,70.23,64.39,4290.83,725.3,965.84,546.43,826.93,1705.73,628.67,1334.3,977.94,956.4,1114.91,1287.35,1419.94,1873.17,2365.2,2312.93,2437.04,2359.07,1851.02,1197.36,1300.8,1927.79,2093.0,2143.68,1424.91,1910.16,3334.33,2966.06,1896.82,1756.16,1564.16,1751.88,1743.03,1975.09,1696.64,1603.2,0.0
Produção - ovos de codorna - valor,Instituto Brasileiro de Geografia e Estatística,Mil Reais,0,brasil,3,Sudeste,7167.84,6725.1,5861.53,5321.69,5724.41,15828.8,9509.23,12356.71,10746.44,13725.72,22354.54,23442.13,29487.24,30445.63,67080.41,108103.77,27116.2,27453.76,37993.67,33361.33,41666.09,34977.99,34423.54,35479.68,37944.42,38465.86,51431.51,53075.56,52262.13,48053.8,50762.36,63288.02,58000.91,71414.3,83879.82,98090.56,131050.0,155432.21,189010.91,168142.61,160768.74,197054.19,102473.88,100737.06,104173.74,120123.02,121371.43,122917.36,91754.04,97463.63,0.0
Produção - ovos de codorna - valor,Instituto Brasileiro de Geografia e Estatística,Mil Reais,0,brasil,4,Sul,3129.65,1689.55,1990.21,680.05,785.68,750.93,574.18,1236.11,840.43,576.89,679.93,985.81,3017.4,3222.12,3804.86,6159.6,3908.14,5223.67,10365.38,11419.38,8995.5,7650.89,12884.99,11109.44,9634.58,13435.94,14188.01,13354.18,18323.27,15522.98,16436.57,17615.28,16439.55,19395.48,19103.72,19776.17,18494.0,18269.25,20012.1,21241.94,24863.8,28324.84,28096.07,35576.77,34363.61,29415.26,30919.95,28187.94,33451.81,45344.84,0.0
Produção - ovos de galinha - valor,Instituto Brasileiro de Geografia e Estatística,Mil Reais,0,brasil,5,Centro-Oeste,157072.99,155874.07,167111.81,150124.25,158527.23,201249.93,194382.97,238233.26,258539.47,344781.95,423321.98,426336.05,463884.93,378137.48,584315.86,673983.84,391765.67,426375.84,445224.82,523051.65,592652.42,308638.75,309888.41,359233.77,374408.88,386165.85,424098.22,403773.08,478971.61,526444.17,549209.8,525303.58,552063.51,615436.84,607379.31,714909.73,697339.0,738552.69,740254.63,812849.92,971256.39,1030233.23,958330.99,1077583.03,1067359.22,1078058.21,1286347.76,1378101.44,1406535.37,1710267.12,0.0
Produção - ovos de galinha - valor,Instituto Brasileiro de Geografia e Estatística,Mil Reais,0,brasil,2,Nordeste,511883.14,691039.24,774140.4,734659.78,788047.74,946983.05,968920.18,925125.81,765123.11,996070.03,1379494.53,1286764.37,1440870.78,1314305.88,2212023.39,2551368.0,1245759.24,1700796.14,1939091.2,1610626.55,1817891.07,1195512.67,1051345.52,1036998.62,830527.66,867768.16,909208.37,1001896.29,1568339.39,1149413.52,1135028.47,1166207.95,1201075.63,1210647.37,1199843.44,1206089.55,1173622.0,1202836.98,1322063.4,1352500.07,1415582.82,1556301.45,1457641.44,1632045.65,1726928.66,1910659.98,2029027.09,2293296.44,2526187.51,2663255.6,0.0
Produção - ovos de galinha - valor,Instituto Brasileiro de Geografia e Estatística,Mil Reais,0,brasil,1,Norte,146133.03,232317.96,246469.59,164348.0,190562.55,262770.4,215788.74,250125.84,200437.43,272933.06,345265.67,270094.09,341868.03,512056.47,667488.73,576542.67,315254.46,286428.51,246624.15,417858.54,280820.14,183191.12,107671.65,130660.62,144604.87,151491.53,165640.42,135455.33,198780.04,181742.36,191610.43,195098.15,219790.08,241244.21,236627.98,237383.14,299629.0,298371.7,324141.36,308476.74,330772.84,332725.02,343119.3,368806.31,422639.09,406405.65,411442.97,465296.84,508141.03,590749.35,0.0
Produção - ovos de galinha - valor,Instituto Brasileiro de Geografia e Estatística,Mil Reais,0,brasil,3,Sudeste,1922754.31,2235575.94,2258020.06,2009511.77,2249635.0,2519948.35,2273602.65,2509720.07,2509900.32,3096721.82,3730373.0,3186057.29,3735057.83,3096358.93,3594707.01,5922198.99,2306366.8,2773209.87,2890920.43,3008834.77,2738306.1,1495652.56,1553179.3,1769123.59,1513573.85,1648996.89,1740803.83,1796628.99,2167849.57,2401547.93,2379601.4,2272761.22,2208733.09,2399538.89,2409087.16,2333815.72,2318622.0,2283192.42,2598371.25,2552420.32,2529522.93,2767156.52,2890121.38,3375624.92,3197226.22,3368890.82,3643039.71,4057837.11,4451309.54,4976288.26,0.0
Produção - ovos de galinha - valor,Instituto Brasileiro de Geografia e Estatística,Mil Reais,0,brasil,4,Sul,850405.37,839636.12,875764.33,807849.01,983985.97,1169822.04,1156985.75,1162282.1,1081713.24,1394445.56,1619618.73,1576674.01,1750142.59,1551529.81,2006101.85,2582860.65,1197456.9,1457026.4,1701330.67,2084145.23,1961340.65,1005432.82,956303.09,1000576.2,1059395.85,1102757.17,1165171.92,1150357.3,1263220.8,1366995.41,1378870.57,1312813.69,1276913.09,1300141.42,1358964.02,1303699.56,1246102.0,1347313.74,1397046.97,1570804.98,1647654.86,1510011.45,1677504.47,1734172.1,1805322.1,1759309.38,2044701.24,2017151.69,2264147.11,2504863.5,0.0
Produção - pimenta-do-reino - valor,Instituto Brasileiro de Geografia e Estatística,Mil Reais,0,brasil,5,Centro-Oeste,2420.01,2071.94,2114.0,1543.12,1507.73,846.93,1001.79,731.87,359.26,242.55,443.19,599.88,491.57,262.97,275.66,202.92,1212.42,1944.48,718.16,1058.56,316.8,715.75,220.57,24.32,74.67,66.75,108.36,216.93,216.58,352.99,228.7,845.76,573.24,149.38,106.1,100.84,100.78,119.09,121.44,98.68,83.38,101.51,23.49,31.21,35.73,23.02,18.47,9.81,9.03,46.61,0.0
Produção - pimenta-do-reino - valor,Instituto Brasileiro de Geografia e Estatística,Mil Reais,0,brasil,2,Nordeste,7542.36,17618.79,20284.27,28371.15,21992.42,18347.41,23346.04,28885.38,7091.01,5042.84,12122.13,10726.7,12831.16,7549.27,9455.19,11845.28,12900.94,16471.1,18457.22,8012.29,35624.13,19493.85,16557.11,12309.64,17029.38,11057.72,15883.6,15587.84,15332.87,18234.64,17452.9,17673.93,18543.83,9366.67,8621.15,8130.45,8628.07,19950.41,18348.9,19022.71,29564.0,44930.31,93411.13,38134.15,35855.37,35286.47,50853.58,57041.53,58276.66,58696.81,0.0
Produção - pimenta-do-reino - valor,Instituto Brasileiro de Geografia e Estatística,Mil Reais,0,brasil,1,Norte,331839.61,271875.22,321425.3,422575.49,447470.86,560330.65,480819.79,201348.54,265986.51,491501.59,682238.53,1124812.48,1325393.06,1274976.98,698529.74,1097565.98,319995.28,295424.65,84411.7,129120.74,181851.39,108618.68,118309.11,178102.73,210363.49,424684.81,314116.05,268426.28,429650.31,272903.84,247527.82,222665.65,288264.92,161264.39,109849.52,92570.9,96268.52,315516.46,297441.54,291909.12,366090.81,581364.46,531906.98,316129.76,141503.56,126725.59,180315.31,214834.07,203203.66,193675.29,0.0
Produção - pimenta-do-reino - valor,Instituto Brasileiro de Geografia e Estatística,Mil Reais,0,brasil,3,Sudeste,1523.0,1726.23,1890.48,1639.93,2407.18,1886.9,4636.25,3109.9,6230.05,13561.24,23429.95,55188.04,50093.88,72107.57,17182.81,32348.9,19399.39,14955.42,13301.56,12772.97,27543.28,11505.66,13427.41,27927.41,30254.41,37334.7,41090.86,21159.23,21970.59,34304.67,24870.37,22906.93,39009.88,23141.67,14960.63,15674.87,17610.0,49920.33,58803.08,62306.95,96597.0,243315.6,184139.51,213271.89,251138.56,220770.17,331404.28,568226.79,423207.89,425513.87,0.0
Produção - pimenta-do-reino - valor,Instituto Brasileiro de Geografia e Estatística,Mil Reais,0,brasil,4,Sul,0.0,0.0,0.0,0.0,0.0,0.0,0.0,0.0,0.0,0.0,0.0,0.0,0.0,0.0,0.0,0.0,0.0,0.0,0.0,0.0,0.0,0.0,0.0,0.0,0.0,0.0,0.0,0.0,0.0,0.0,0.0,0.0,0.0,0.0,0.0,0.0,0.0,0.0,0.0,0.0,23.61,28.12,50.75,0.0,0.0,0.0,0.0,0.0,0.0,0.0,0.0
Produção - soja - valor,Instituto Brasileiro de Geografia e Estatística,Mil Reais,0,brasil,5,Centro-Oeste,643527.02,543397.51,451343.36,1370471.59,777573.08,1564372.51,2307572.66,2488393.09,2886586.58,4739296.59,6622103.04,6444415.71,6047103.08,5495402.42,7543485.58,5805306.18,3422794.25,3315067.02,3354478.01,3452718.71,9593402.59,4279602.98,4916677.89,6522382.78,6447414.51,7004686.8,8626278.6,9049186.59,15196302.1,20294130.31,24108166.97,16174825.55,10692859.44,6199119.37,8870679.29,8634569.12,15979013.0,20109473.87,21106386.9,23901565.25,28289585.81,26576332.73,29220857.96,29298584.52,31401352.48,30986954.77,39402613.61,71417167.39,74711778.99,70456897.91,0.0
Produção - soja - valor,Instituto Brasileiro de Geografia e Estatística,Mil Reais,0,brasil,2,Nordeste,584.03,1069.7,644.09,778.01,10700.13,4145.3,5416.66,1711.03,854.63,6692.57,83376.59,453315.41,194452.68,182464.68,331831.86,2833309.92,171320.6,404101.52,456938.83,586213.23,1089837.55,674682.98,569654.11,864358.17,930357.44,975841.52,1230396.73,1268985.7,1679795.13,2510532.62,3224744.46,2586798.56,1609294.68,999683.33,1753149.45,1459364.02,3024754.0,3898011.35,4140180.87,3498801.88,4620526.33,5509889.53,3522092.93,6026809.02,7671913.26,6490013.04,10017253.14,15194088.94,17082039.39,13541834.33,0.0
Produção - soja - valor,Instituto Brasileiro de Geografia e Estatística,Mil Reais,0,brasil,1,Norte,159.72,0.0,0.0,0.0,1101.52,259.3,97.6,990.51,5808.41,16129.56,38809.73,69045.13,56366.64,24380.95,46690.25,60379.66,19515.88,8364.24,7552.5,34398.48,59693.1,20211.69,8295.7,28519.99,74821.56,78602.69,104543.23,147449.12,282376.33,518937.85,860135.96,880169.35,611642.01,288481.32,483759.56,463091.33,1000734.0,1267436.2,1648713.82,1795533.74,2440776.84,2492381.75,2793932.86,3003592.68,3246495.61,3483359.23,5025579.37,8753377.55,10271215.31,9276409.09,0.0
Produção - soja - valor,Instituto Brasileiro de Geografia e Estatística,Mil Reais,0,brasil,3,Sudeste,1120008.95,1259684.21,1271026.94,1373201.09,1284729.9,1527040.26,1716890.39,1480127.61,1593876.65,2476015.05,2540497.99,2674167.25,2107056.1,1664254.62,2835230.45,2157617.96,1270208.9,1748141.83,2177937.27,1826910.19,2751753.16,1195724.37,1468420.81,1687132.83,1269279.39,1661140.0,1647790.68,1869858.32,2769016.33,3732759.72,4418725.22,3096502.57,2151164.69,1074770.61,1447624.11,1423695.34,2627558.43,2811773.91,3366859.86,3673962.01,3807703.63,4047400.2,5400709.21,5617522.7,5841502.8,5629985.83,8062419.43,13210591.6,15115123.51,13705724.79,0.0
Produção - soja - valor,Instituto Brasileiro de Geografia e Estatística,Mil Reais,0,brasil,4,Sul,10763034.97,12068540.14,12348101.56,19215089.54,11338949.35,11106739.53,14951955.03,14009928.25,10054607.01,15206726.77,18180144.02,14244846.13,7866554.69,8385479.64,8095715.68,6219662.01,6726052.04,3809572.28,6541498.14,7130130.11,12183424.0,6030787.29,7072609.04,8291325.44,8002595.47,7670952.86,7937661.79,10565153.63,12811321.39,20540745.43,17808499.94,8555483.48,9388357.14,6200174.75,7622485.06,6566877.83,14707880.95,18414528.4,12899513.02,21971866.85,23094292.06,23338736.24,25683714.81,24775177.97,26735054.31,23795153.24,26745698.78,50529435.04,32133261.68,35573981.71,0.0
Produção - tomate - valor,Instituto Brasileiro de Geografia e Estatística,Mil Reais,0,brasil,5,Centro-Oeste,130402.92,128082.3,118179.28,99206.48,94116.36,113868.37,107018.52,88877.49,122099.09,128936.03,147655.33,193065.66,149599.25,145608.93,212876.27,195785.45,419424.88,227728.94,256850.99,250144.22,474827.76,137309.24,175248.8,190959.6,148979.92,286317.41,272776.79,240900.99,367576.08,323015.48,349151.14,255581.33,425409.74,148635.0,97408.78,202643.62,509127.0,408268.8,432375.38,893100.15,432538.85,297755.81,318500.18,317212.28,429750.7,465324.84,466594.79,414993.05,453152.74,768129.02,0.0
Produção - tomate - valor,Instituto Brasileiro de Geografia e Estatística,Mil Reais,0,brasil,2,Nordeste,651506.62,351933.05,553801.62,518289.72,363182.68,437008.53,393249.46,386535.59,407503.7,419616.13,458839.29,569199.54,630096.26,728399.27,686863.15,733007.2,565257.57,566700.09,702077.69,750660.53,1299883.79,628866.7,502469.78,508338.68,440910.36,311949.17,351417.39,317916.0,469263.7,446776.72,436653.43,454204.97,431119.79,215436.13,258488.58,244928.48,502119.1,495083.01,356645.79,453370.43,511004.44,450075.79,415715.07,408306.7,434492.91,598429.94,623453.21,683986.54,790619.47,898948.94,0.0
Produção - tomate - valor,Instituto Brasileiro de Geografia e Estatística,Mil Reais,0,brasil,1,Norte,11056.2,18335.52,11802.73,13199.91,8402.04,12000.63,13657.19,23872.45,12390.68,10009.15,17773.6,16099.35,24600.15,12272.83,16876.98,25024.44,13281.15,7401.44,9878.87,14335.66,32444.47,19575.77,14341.62,21204.47,24979.01,21680.12,18160.8,25645.96,27470.33,34721.01,35423.42,32259.63,35931.74,16594.66,13627.2,13860.1,29410.0,36184.0,87356.14,32915.65,28580.67,24591.14,23317.43,20417.87,17866.75,21099.9,17454.11,18333.37,19124.17,21894.25,0.0
Produção - tomate - valor,Instituto Brasileiro de Geografia e Estatística,Mil Reais,0,brasil,3,Sudeste,1271123.82,1082565.43,1298202.69,1203976.73,1088214.18,1156227.67,1256455.57,1286719.43,1335506.33,1473033.68,1402593.64,1502323.96,1942716.82,1611358.96,1345879.86,1841903.5,1987312.56,1157178.52,1266832.97,1531899.59,2703919.24,1551479.62,1488518.59,1133265.34,1413311.46,1586919.24,1669577.88,850477.91,1445704.71,1227175.84,1383804.9,1385307.62,1108747.21,542229.48,668351.79,629175.79,1178954.47,1438062.36,1444205.66,1867894.23,2247854.35,1981741.06,2026961.84,1457353.05,1418514.13,1475650.21,1578476.88,1416746.54,1886792.47,1939485.67,0.0
Produção - tomate - valor,Instituto Brasileiro de Geografia e Estatística,Mil Reais,0,brasil,4,Sul,197285.44,149399.31,261949.19,295850.92,256866.61,240893.32,175447.95,221300.82,185349.37,195227.7,134976.76,142176.35,318341.05,191984.42,92802.68,154963.48,188698.64,182928.14,161438.05,223458.78,434412.53,300424.24,265244.51,314510.4,331781.33,250594.46,354956.24,370145.57,405696.79,432753.34,400398.56,443441.28,296746.97,277203.23,221385.08,258749.41,578087.0,604820.45,550028.51,906009.63,602968.88,601434.18,689348.56,461311.19,579816.87,623627.46,521965.08,490472.01,575253.58,702368.26,0.0
Produção - trigo - valor,Instituto Brasileiro de Geografia e Estatística,Mil Reais,0,brasil,5,Centro-Oeste,43519.82,17647.65,53868.61,47865.61,51412.21,103074.9,188117.96,162007.84,252770.49,281290.41,202551.06,764608.98,880874.17,773867.12,737206.52,548126.11,176741.35,110186.25,106600.45,70051.89,71582.76,14637.63,42090.83,26421.17,23449.57,43154.19,21912.07,75227.48,117252.31,180470.08,181255.23,83217.34,62969.69,29088.34,49466.59,38768.91,71510.0,48061.95,37856.7,21427.72,33507.65,39463.9,53144.91,37180.77,51898.55,54581.12,119744.89,81033.06,116620.26,128620.65,0.0
Produção - trigo - valor,Instituto Brasileiro de Geografia e Estatística,Mil Reais,0,brasil,2,Nordeste,0.0,0.0,0.0,0.0,0.0,0.0,0.0,0.0,0.0,0.0,0.0,0.0,27457.68,3824.16,0.0,0.0,0.0,0.0,0.0,0.0,0.0,0.0,0.0,0.0,0.0,0.0,0.0,0.0,0.0,2439.39,2807.85,1378.02,0.0,0.0,0.0,0.0,0.0,0.0,0.0,0.0,0.0,1543.03,8792.56,4653.03,11006.43,6152.47,9434.45,9736.66,9733.84,12994.9,0.0
Produção - trigo - valor,Instituto Brasileiro de Geografia e Estatística,Mil Reais,0,brasil,1,Norte,0.0,0.0,0.0,0.0,0.0,0.0,0.0,0.0,0.0,5.52,0.0,0.0,0.0,0.0,0.0,0.0,0.0,0.0,0.0,0.0,0.0,0.0,0.0,0.0,0.0,0.0,0.0,0.0,0.0,0.0,0.0,0.0,0.0,0.0,0.0,0.0,0.0,0.0,0.0,0.0,0.0,0.0,0.0,0.0,0.0,0.0,0.0,0.0,162.76,0.0,0.0
Produção - trigo - valor,Instituto Brasileiro de Geografia e Estatística,Mil Reais,0,brasil,3,Sudeste,375680.49,137922.81,342213.02,152353.3,156819.54,352016.3,332085.85,289165.09,295041.41,450431.08,317409.78,873085.79,637027.56,568913.73,661683.63,465936.51,202337.93,113202.64,180861.04,127044.61,50741.91,41582.09,29074.29,20253.51,13790.64,30368.87,22497.1,37554.27,70624.97,102359.58,138558.03,108723.54,80439.83,43772.72,70529.09,62420.01,100977.07,75336.13,102455.92,131428.73,188471.39,238787.98,259471.33,224255.2,228885.6,289862.62,486776.12,456295.24,634940.1,483302.17,0.0
Produção - trigo - valor,Instituto Brasileiro de Geografia e Estatística,Mil Reais,0,brasil,4,Sul,5658117.05,3278970.81,5155849.07,3385577.15,4324989.76,3698182.97,3659457.99,3903975.82,2992087.03,3949269.4,4135140.21,7927542.63,9379824.11,10065556.17,9098640.03,8919430.37,2364122.08,2128061.39,2838599.19,2022116.88,1501248.51,742675.94,1328052.38,865951.91,776327.5,1050581.37,745160.68,1666232.02,2461696.51,3810389.1,2926343.18,1839782.96,1177691.71,1035251.7,1275658.43,889387.53,2318942.0,2064278.14,1847584.86,2877709.16,2026490.41,1857349.18,2237059.81,1175045.8,1952236.51,1929529.23,2958667.13,4589868.27,5988921.2,2508089.28,0.0
Produção - uva - valor,Instituto Brasileiro de Geografia e Estatística,Mil Reais,0,brasil,5,Centro-Oeste,80.66,60.23,0.0,0.0,0.0,0.0,0.0,0.0,0.0,0.0,0.0,0.0,0.0,0.0,0.0,66.07,98.59,0.0,182.58,827.66,655.42,1065.64,1759.57,3857.18,5947.35,7106.69,14640.83,10204.15,10648.05,11429.38,9205.48,11359.27,11701.92,5338.85,6436.26,6704.39,7319.13,16939.87,18496.03,17687.76,12268.34,13639.04,13506.69,11248.29,14621.36,12992.1,10490.41,13269.0,13404.82,11508.28,0.0
Produção - uva - valor,Instituto Brasileiro de Geografia e Estatística,Mil Reais,0,brasil,2,Nordeste,27759.1,11145.14,8166.82,6799.71,12603.87,14273.85,30963.19,31855.6,50171.02,40915.18,58912.49,80410.12,101278.59,116371.24,48588.43,161239.29,253045.06,179621.68,220904.39,323478.35,532757.89,447665.39,317780.05,248687.49,293924.13,313058.39,304529.89,344638.24,498295.72,499182.93,606731.29,727546.43,830438.12,377170.25,256736.89,300449.72,348763.52,608493.83,581652.07,634910.16,577585.25,519270.09,594590.47,714100.64,705442.51,864579.45,784659.99,853006.74,864667.04,930304.7,0.0
Produção - uva - valor,Instituto Brasileiro de Geografia e Estatística,Mil Reais,0,brasil,1,Norte,0.0,0.0,0.0,0.0,0.0,0.0,0.0,0.0,0.0,0.0,0.0,0.0,0.0,0.0,0.0,0.0,0.0,0.0,0.0,0.0,0.0,0.0,0.0,0.0,0.0,0.0,0.0,98.04,758.0,767.61,540.86,491.94,485.88,219.2,223.61,191.91,74.8,186.48,535.4,549.74,479.49,557.54,549.99,499.93,649.43,623.11,727.18,404.72,197.78,82.18,0.0
Produção - uva - valor,Instituto Brasileiro de Geografia e Estatística,Mil Reais,0,brasil,3,Sudeste,405425.58,360604.97,245724.76,326877.14,287731.35,341044.37,392359.48,556643.65,419650.62,696864.53,373403.2,271358.79,341601.13,362858.51,287352.67,1291217.11,1027336.7,155470.01,179692.57,1031245.61,138476.19,85799.21,115047.61,72262.52,484013.04,623041.34,542850.53,1320546.69,455973.26,449086.38,339247.26,401470.82,388119.65,195191.88,160393.42,152157.8,154135.83,399411.53,439179.87,348681.35,337821.35,311006.69,330037.0,278899.51,295637.36,348746.56,365918.74,354122.38,369048.72,329406.91,0.0
Produção - uva - valor,Instituto Brasileiro de Geografia e Estatística,Mil Reais,0,brasil,4,Sul,416289.53,368115.8,334532.43,356731.12,432781.03,605059.27,386016.62,476623.28,460186.64,533620.74,503267.06,446522.22,814495.92,596556.52,343868.2,287857.1,410862.89,415325.71,467479.62,399593.2,1150295.4,997370.89,570947.84,534511.9,503553.01,721095.45,757734.53,777397.01,951565.83,995310.3,1189603.07,1015253.18,968091.26,399790.62,362672.47,325695.51,320177.49,780169.91,707360.79,685505.46,747800.49,748623.06,578693.0,950646.4,757312.68,660527.63,752471.24,770834.25,701902.67,899066.3,0.0
