nome,fonte,unidade,codigo_brasil,brasil,codigo_regiao,regiao,codigo_estado,estado,ano_1974,ano_1975,ano_1976,ano_1977,ano_1978,ano_1979,ano_1980,ano_1981,ano_1982,ano_1983,ano_1984,ano_1985,ano_1986,ano_1987,ano_1988,ano_1989,ano_1990,ano_1991,ano_1992,ano_1993,ano_1994,ano_1995,ano_1996,ano_1997,ano_1998,ano_1999,ano_2000,ano_2001,ano_2002,ano_2003,ano_2004,ano_2005,ano_2006,ano_2007,ano_2008,ano_2009,ano_2010,ano_2011,ano_2012,ano_2013,ano_2014,ano_2015,ano_2016,ano_2017,ano_2018,ano_2019,ano_2020,ano_2021,ano_2022,ano_2023,ano_2024
Instituto Brasileiro de Geografia e Estatística,Tonelada,0,brasil,1,Norte,11,Rondônia,1101,536685.77,529704.3200000001,542200.26,58416.520000000004,64231.229999999996,143534.14,208333.86,185448.16,167360.82,124537.55,147114.38,181826.58000000002,170310.9,159522.89,191990.01,166487.54,160831.03,186735.34,199657.98,250378.81,255156.18,68173.18,94969.61,103091.44,132430.9,138685.05,143545.0,150273.0,237378.0,274680.0,301748.0,300168.0,297686.0,294555.0,303631.0,321504.0,321971.0,239834.0,229604.0,284176.0,334386.0,450133.0,502109.0,516973.0,571049.0,668457.0,536702.0,930058.0,1148105.0,0.0,
Instituto Brasileiro de Geografia e Estatística,Tonelada,0,brasil,1,Norte,11,Rondônia,1102,0.0,0.0,0.0,336202.19,488586.63,758171.13,917346.09,999184.45,972968.97,1088202.08,1258853.7,1276309.54,1149139.17,1254953.92,1347221.09,1181306.73,1205128.76,1435427.47,1602232.0,1762127.19,1760277.22,611572.86,604506.43,724626.22,867240.19,890615.61,914975.0,703335.0,878828.0,1024655.0,1157832.0,1158277.0,1152187.0,1401391.0,1555377.0,1565337.0,1542303.0,1945992.0,1870292.0,2074592.0,2253358.0,2251084.0,2598250.0,2253038.0,2637253.0,2641876.0,2889596.0,3152168.0,3523374.0,0.0,
Instituto Brasileiro de Geografia e Estatística,Tonelada,0,brasil,1,Norte,12,Acre,1201,130715.52,153772.06,132965.89,129139.36,130476.26999999999,147555.72,166567.34,174178.59,164454.9,162119.88,161978.0,164043.91999999998,162407.87,150413.58000000002,152871.05,159646.18,152306.14,131030.2,96692.16,128112.7,150698.99,159939.7,161554.52000000002,142090.21,188634.94,189222.58000000002,178575.0,194381.0,254815.0,247801.0,295758.0,290366.0,335693.0,389286.0,322511.0,501009.0,567995.0,466695.0,504151.0,677593.0,687207.0,706697.0,560564.0,442435.0,436205.0,425660.0,384571.0,368352.0,367352.0,0.0,
Instituto Brasileiro de Geografia e Estatística,Tonelada,0,brasil,1,Norte,12,Acre,1202,141362.59,193272.31,143628.49,156284.03,158094.13,191557.0,204696.87,242336.38,232175.61,324360.5,264249.13,275268.21,300882.75,321509.25,374004.7,388113.3,547174.85,542459.54,559331.8,536553.9299999999,508682.11,133371.0,122494.81,244499.15,328426.13,375176.71,292286.0,330624.0,358437.0,413829.0,454555.0,377985.0,504077.0,589778.0,416287.0,642227.0,736983.0,822316.0,818983.0,980942.0,856468.0,754392.0,571800.0,428892.0,389568.0,367242.0,384843.0,405226.0,421768.0,0.0,
Instituto Brasileiro de Geografia e Estatística,Tonelada,0,brasil,1,Norte,13,Amazonas,1301,29947.34,69141.09,69050.65,91158.87,103530.66,105621.38,103712.79000000001,108304.6,109604.44,113097.84,106109.5,97585.94,98973.94,47713.67,64979.84,61371.19,55327.350000000006,33575.28,45048.33,44058.06,50081.08,87968.45,88061.81,89290.48999999999,88696.95000000001,88696.95000000001,50583.0,79735.0,80185.0,79929.0,51119.0,51119.0,51181.0,46656.0,44416.0,6962.0,21000.0,19145.0,23797.0,19100.0,29882.0,61732.0,54970.0,8252.0,17302.0,11429.0,15525.0,9903.0,16600.0,0.0,
Instituto Brasileiro de Geografia e Estatística,Tonelada,0,brasil,1,Norte,13,Amazonas,1302,100852.56,101983.0,99607.23,102155.67,114459.76000000001,122644.33,125094.13,126566.45999999999,126312.52,133564.16999999998,159408.63,154146.03,140818.99,95214.2,107514.33,144179.74,163131.91999999998,40732.1,104289.07,125260.56,96020.72,328551.6,322879.5,329081.85,411541.86,411612.86,293879.0,356239.0,285366.0,284583.0,183674.0,190066.0,199338.0,231635.0,184121.0,68378.0,127050.0,153322.0,126227.0,95666.0,102363.0,100894.0,99989.0,108954.0,101537.0,112027.0,86280.0,62114.0,76221.0,0.0,
Instituto Brasileiro de Geografia e Estatística,Tonelada,0,brasil,1,Norte,13,Amazonas,1303,525071.72,447949.23,439844.36,415382.65,443193.52,471526.31,538511.39,602112.99,581001.21,581585.74,571203.45,562396.6,526993.14,500781.66000000003,384315.26,361200.41,275295.56,337328.79,409075.1,450143.4,395384.94,792420.91,823786.54,963351.28,1110550.19,1104789.79,809763.0,926426.0,810788.0,815113.0,939490.0,933101.0,954405.0,1029792.0,994488.0,620184.0,1060989.0,948496.0,1006910.0,971815.0,849665.0,918180.0,954564.0,955519.0,949593.0,940930.0,864257.0,943511.0,832454.0,0.0,
Instituto Brasileiro de Geografia e Estatística,Tonelada,0,brasil,1,Norte,13,Amazonas,1304,102072.27,143507.53,154888.97999999998,175331.2,221257.91999999998,227843.41999999998,225226.27000000002,227416.44,227669.71,238700.52000000002,261965.24,276978.17,288693.72,227200.88,156825.75,99163.34,46863.979999999996,41121.880000000005,38505.09,47421.95,69457.9,257485.3,289241.63,315908.09,316862.88,317986.88,218704.0,286429.0,315118.0,236215.0,372345.0,298468.0,119854.0,357776.0,344349.0,115023.0,258866.0,295991.0,254859.0,193544.0,208872.0,220627.0,254177.0,239982.0,233380.0,259428.0,274293.0,308904.0,385464.0,0.0,
Instituto Brasileiro de Geografia e Estatística,Tonelada,0,brasil,1,Norte,14,Roraima,1401,20648.760000000002,34522.64,18460.420000000002,12937.19,17586.09,35741.96,87147.75,45201.21,34952.03,37318.1,24458.77,33977.74,27451.489999999998,28949.989999999998,35575.44,54791.78,40999.84,48224.72,0.0,70815.03,88101.8,56883.69,85373.83,51752.99,104931.93,104931.93,89778.0,125779.0,170122.0,210684.0,200098.0,186067.0,163183.0,185293.0,128185.0,128512.0,154493.0,165903.0,211876.0,204907.0,241013.0,261729.0,254626.0,275118.0,324728.0,356644.0,469609.0,565769.0,648700.0,0.0,
Instituto Brasileiro de Geografia e Estatística,Tonelada,0,brasil,1,Norte,14,Roraima,1402,12479.42,24544.78,16850.739999999998,8004.55,19949.68,16483.48,31964.190000000002,23493.18,30301.6,33460.76,27289.75,29761.16,26347.09,34605.05,21931.72,0.0,27679.510000000002,31005.1,0.0,46070.1,63494.2,42805.93,55536.07,18070.53,70342.54,70342.54,62152.0,71877.0,88045.0,99325.0,102716.0,102966.0,98930.0,98806.0,106841.0,106520.0,107448.0,106895.0,198659.0,179208.0,210204.0,120384.0,89994.0,103520.0,90210.0,96878.0,109530.0,128955.0,136505.0,0.0,
Instituto Brasileiro de Geografia e Estatística,Tonelada,0,brasil,1,Norte,15,Pará,1501,257758.46,348741.3,374632.29000000004,761805.71,909358.4299999999,827432.38,817465.79,821198.6,671416.61,638759.78,965607.14,1269057.48,842054.41,832163.09,599906.99,550782.29,540464.53,565921.89,759059.9,889251.7,938835.8300000001,935351.9,1106038.68,675487.9299999999,842462.53,852681.8300000001,930545.0,993691.0,1357239.0,1443726.0,1334459.0,1326281.0,1174603.0,1355580.0,1316379.0,1357411.0,1406119.0,1540369.0,1713179.0,1755826.0,1563776.0,1170487.0,1360386.0,1184799.0,1168288.0,1321174.0,1751823.0,1925973.0,1682983.0,0.0,
Instituto Brasileiro de Geografia e Estatística,Tonelada,0,brasil,1,Norte,15,Pará,1502,70844.25,79227.45999999999,66345.18,90374.57,105273.85,57584.16,79488.51,138506.36,82416.26,78007.81,43555.880000000005,33137.16,140313.29,157771.19,16988.8,28082.42,50093.78,64851.92,43386.4,50725.39,57572.5,61928.06,60613.19,59348.4,56475.990000000005,60558.58,48422.0,38054.0,43374.0,36665.0,36459.0,38260.0,35015.0,31550.0,33677.0,36473.0,49818.0,94011.0,88432.0,89184.0,83241.0,327972.0,185112.0,186388.0,232124.0,261202.0,294733.0,228870.0,258757.0,0.0,
Instituto Brasileiro de Geografia e Estatística,Tonelada,0,brasil,1,Norte,15,Pará,1503,70829.87,96857.39,81634.39,65542.55,72213.63,65847.1,84613.1,104155.53,96097.09,118471.64,128040.08,84664.88,77981.16,91293.47,68782.55,57337.39,67704.02,65647.01,72465.08,72871.86,85316.82,94851.57,102299.2,111613.14,114657.95,127492.57,133017.0,156489.0,186899.0,226896.0,294906.0,408032.0,251676.0,256494.0,146013.0,202686.0,146601.0,141931.0,151049.0,150789.0,230592.0,204041.0,165717.0,170265.0,159112.0,172355.0,174163.0,257216.0,258509.0,0.0,
Instituto Brasileiro de Geografia e Estatística,Tonelada,0,brasil,1,Norte,15,Pará,1504,975005.77,1013115.49,961540.68,978992.69,865602.4299999999,905854.72,997951.39,1015116.97,891484.62,997950.35,923816.5800000001,1060308.78,1108680.53,1142351.52,1113511.33,1259265.85,1358819.56,1299103.45,1633264.03,1765480.92,1754517.21,1822268.61,1644961.29,1623090.15,1939110.44,1779438.05,1942453.0,2169051.0,2324086.0,2355133.0,2782626.0,2785815.0,3114782.0,2642733.0,2590406.0,2579327.0,2546867.0,2445385.0,2336037.0,2507673.0,2372129.0,2239318.0,2407126.0,2329190.0,2362654.0,2440176.0,2386885.0,2538326.0,2397587.0,0.0,
Instituto Brasileiro de Geografia e Estatística,Tonelada,0,brasil,1,Norte,15,Pará,1505,66774.96,68878.39,62053.729999999996,77743.06,68800.29,73970.28,61805.87,65555.16,46465.92,61732.380000000005,59331.08,69322.45,104677.03,214096.66999999998,853661.25,788694.09,879767.56,794944.11,1000587.94,1082907.69,980392.6799999999,1138637.56,1049291.31,1074858.92,875797.77,1129987.07,814878.0,880902.0,801392.0,841703.0,881729.0,837528.0,933614.0,854117.0,745053.0,809194.0,832528.0,880644.0,845672.0,921645.0,907320.0,713687.0,787988.0,672419.0,784730.0,813528.0,891496.0,899295.0,908813.0,0.0,
Instituto Brasileiro de Geografia e Estatística,Tonelada,0,brasil,1,Norte,15,Pará,1506,122940.34,128493.3,181147.76,149444.37,223694.11,262318.5,335356.39,397540.68,361716.67,452734.5,625264.07,888349.76,983125.45,1016225.6699999999,1729042.75,1830885.18,1753840.27,1423720.25,1826157.69,2068485.77,2066957.97,2099899.99,2383002.58,2693417.34,2986361.91,3016571.66,2475922.0,2195032.0,2373441.0,2295543.0,2312091.0,2449236.0,2450501.0,2292458.0,2349360.0,2205283.0,2353625.0,2355291.0,2687805.0,2888717.0,3377987.0,3504857.0,3872104.0,3656206.0,3634966.0,3817908.0,3967524.0,4413245.0,5387256.0,0.0,
Instituto Brasileiro de Geografia e Estatística,Tonelada,0,brasil,1,Norte,16,Amapá,1601,7893.78,9309.720000000001,9711.92,8985.94,11382.86,11123.83,7161.8,9316.07,9775.06,8387.44,9169.97,11575.81,6841.62,7745.63,18327.45,5834.83,4211.54,4653.97,5131.8099999999995,4943.41,5437.09,9198.64,11016.220000000001,12211.98,12794.39,16266.35,30941.0,33717.0,30547.0,31875.0,35596.0,37930.0,40967.0,42943.0,52853.0,61407.0,66657.0,72776.0,67961.0,74704.0,71988.0,70501.0,78321.0,66886.0,70074.0,69934.0,57710.0,60036.0,38907.0,0.0,
Instituto Brasileiro de Geografia e Estatística,Tonelada,0,brasil,1,Norte,16,Amapá,1602,18574.92,23394.61,19464.41,17835.17,29399.8,28050.15,36459.5,44781.71,53447.35,49405.24,46767.49,40653.57,23384.86,23812.53,24009.12,21162.3,16767.89,16617.440000000002,19643.239999999998,23799.6,29159.61,27422.85,33089.16,36629.06,41842.19,45659.229999999996,50937.0,57635.0,52714.0,55605.0,63172.0,65925.0,72577.0,77844.0,91366.0,110095.0,103102.0,115299.0,120396.0,164087.0,151067.0,154885.0,176367.0,124777.0,118691.0,122996.0,107099.0,109387.0,103945.0,0.0,
Instituto Brasileiro de Geografia e Estatística,Tonelada,0,brasil,1,Norte,17,Tocantins,1701,518608.43,639293.62,380517.4,408470.94,477349.27,569158.2,673921.4,801521.24,700366.49,957258.04,1040419.62,1189219.71,1042466.43,1126334.07,1041657.62,600281.06,560335.39,560593.41,528141.05,647659.37,696919.16,365570.95,501942.07,567296.98,656133.78,634625.67,604393.0,565322.0,828336.0,919494.0,1011802.0,808965.0,898887.0,1099938.0,1050991.0,1261143.0,1288088.0,1265884.0,1651103.0,2169665.0,2411198.0,2292756.0,2953806.0,2954291.0,2874535.0,3382506.0,3298954.0,3813831.0,4667896.0,0.0,
Instituto Brasileiro de Geografia e Estatística,Tonelada,0,brasil,1,Norte,17,Tocantins,1702,216017.29,244338.59,166722.92,150377.28,165943.72,196859.74,217494.92,267923.55,227798.57,484517.73,494350.83,507852.53,366012.68,415856.16,451466.5,297654.58,287507.21,268035.10000000003,308770.77,376258.95,364510.68,174760.73,254027.66,322204.20999999996,345467.48,401673.94,491424.0,502339.0,638879.0,814542.0,1061157.0,901778.0,947084.0,1187782.0,1476789.0,1533335.0,3235512.0,2941550.0,3121122.0,3956775.0,4433113.0,3979218.0,4199010.0,4647562.0,4905455.0,5089210.0,4925692.0,5312688.0,6105002.0,0.0,
Instituto Brasileiro de Geografia e Estatística,Tonelada,0,brasil,2,Nordeste,21,Maranhão,2101,942856.33,991772.75,1161180.55,1345742.75,1415466.49,1537968.99,1376436.21,1392792.58,1205816.7,922288.63,524649.24,872922.37,848334.97,869628.49,916628.55,874390.19,955853.62,719364.89,832728.4299999999,899037.57,930987.23,450059.38,458453.51,478838.45,437581.43,473924.62,499679.0,540701.0,582886.0,599572.0,685370.0,711733.0,760956.0,747910.0,598375.0,733840.0,802576.0,766811.0,619725.0,919126.0,764325.0,568392.0,444243.0,373720.0,271002.0,260107.0,254010.0,251892.0,250178.0,0.0,
Instituto Brasileiro de Geografia e Estatística,Tonelada,0,brasil,2,Nordeste,21,Maranhão,2102,1020859.36,1218176.33,1053813.15,1057720.36,1128956.3,1313978.38,1072789.77,1247766.75,718831.35,698082.76,386050.15,919971.75,732664.86,889838.66,1014679.37,659792.9199999999,902688.47,803327.79,1149728.41,1473418.37,1641364.6,386797.52,408042.37,460897.85,544579.47,645715.91,713033.0,748973.0,914795.0,963659.0,1020846.0,1149532.0,1164382.0,1127465.0,801177.0,879494.0,960612.0,811431.0,849744.0,767311.0,840365.0,670056.0,735021.0,825669.0,966623.0,985194.0,968068.0,1191234.0,1328983.0,0.0,
Instituto Brasileiro de Geografia e Estatística,Tonelada,0,brasil,2,Nordeste,21,Maranhão,2103,1220739.13,1153189.01,966987.95,947923.9299999999,965195.13,1031069.73,688727.21,1160760.85,531172.79,728459.14,582334.28,1032941.0,786770.78,1148098.22,1227430.63,1059130.42,1369427.87,954266.5700000001,1129004.79,1388691.68,1006449.16,358201.93,335071.08,299851.25,417657.8,443400.22,404322.0,455286.0,464944.0,524191.0,541051.0,582126.0,616627.0,620400.0,582534.0,625187.0,674223.0,606761.0,626222.0,681283.0,558174.0,316253.0,460862.0,442085.0,382981.0,375386.0,369160.0,447482.0,588437.0,0.0,
Instituto Brasileiro de Geografia e Estatística,Tonelada,0,brasil,2,Nordeste,21,Maranhão,2104,1148007.8,1443563.03,1720720.31,1756280.84,1906114.23,2038713.57,1988310.25,2474712.17,1563956.53,1685404.59,1450165.26,1874041.57,1895929.52,1717540.85,1736109.35,1682370.47,1862305.6,1388237.02,1447926.34,1301070.24,1087549.27,595690.9299999999,614194.52,555288.66,567452.47,609115.8,599531.0,599501.0,795821.0,865025.0,866630.0,1164224.0,1058036.0,1777383.0,1591741.0,1847466.0,1949888.0,1847950.0,1823606.0,2073902.0,2020866.0,1389029.0,1596930.0,1614912.0,1402682.0,1534358.0,1618525.0,1690645.0,1665626.0,0.0,
Instituto Brasileiro de Geografia e Estatística,Tonelada,0,brasil,2,Nordeste,21,Maranhão,2105,187642.64,228925.98,244860.76,248985.25,305464.46,331152.31,361793.51,447211.28,260566.79,242788.79,185693.77,258512.23,162532.23,523032.89999999997,638892.32,408324.69,475471.75,393644.01999999996,511455.07999999996,578498.01,918259.05,826691.09,1303812.79,1178191.5,1355795.17,1590948.18,1194018.0,1891189.0,2093669.0,2265055.0,2636428.0,2657195.0,3060680.0,3063192.0,2976337.0,3245897.0,3151706.0,3524307.0,3895964.0,3987265.0,4381160.0,2843067.0,4442044.0,4238348.0,5266159.0,5604255.0,5743752.0,5773095.0,5915853.0,0.0,
Instituto Brasileiro de Geografia e Estatística,Tonelada,0,brasil,2,Nordeste,22,Piauí,2201,430732.49,422935.91000000003,468864.42,449831.99,442088.8,412103.94,567236.41,574146.74,257151.93,211540.33,333362.24,672284.83,582473.34,712852.76,850956.41,900407.13,929291.73,491518.35,304895.5,502574.22,762428.88,160638.21,189510.53,151313.6,196373.73,240678.44,257144.0,239251.0,280363.0,263597.0,200382.0,247822.0,279137.0,242051.0,185441.0,204768.0,296813.0,163941.0,131460.0,181830.0,112853.0,173091.0,277349.0,268470.0,252086.0,276096.0,373134.0,415635.0,458310.0,0.0,
Instituto Brasileiro de Geografia e Estatística,Tonelada,0,brasil,2,Nordeste,22,Piauí,2202,530177.34,537420.29,603807.24,570746.09,598557.15,672637.73,838578.21,1078454.21,524351.3200000001,1083071.76,841473.68,1206881.08,1165830.8,1186604.37,1242194.43,1977265.9000000001,2021286.24,1110436.81,917618.7,1190628.11,1455654.53,593240.84,529681.7,530888.29,632429.37,556468.81,510116.0,468198.0,596432.0,618396.0,710545.0,782991.0,855327.0,877700.0,957591.0,815580.0,1148865.0,833414.0,763507.0,977864.0,928658.0,728872.0,941697.0,1014878.0,1130672.0,1146746.0,1122955.0,1093641.0,1203206.0,0.0,
Instituto Brasileiro de Geografia e Estatística,Tonelada,0,brasil,2,Nordeste,22,Piauí,2203,337107.11,275173.58,286702.41000000003,299409.58,293854.54,273412.77,266739.37,367254.54,240489.9,331497.13,685163.9199999999,746060.52,416032.53,623844.9,787917.03,642811.49,657998.19,429413.05,407862.21,553431.09,575763.07,214713.47,263382.81,215580.74,386346.38,446661.46,392917.0,272834.0,608893.0,644933.0,983515.0,868037.0,798390.0,1264816.0,1404451.0,1388612.0,1952489.0,2192356.0,1535166.0,2616652.0,2958341.0,1273405.0,3451992.0,3943653.0,4084111.0,4540039.0,4838548.0,5611026.0,6037975.0,0.0,
Instituto Brasileiro de Geografia e Estatística,Tonelada,0,brasil,2,Nordeste,22,Piauí,2204,203038.25,123545.61,127672.68,131797.86,137927.98,100288.12,125262.48,161600.94,76744.67,202086.17,366684.65,688345.01,634379.44,820699.88,826893.74,759940.94,790523.28,366083.92,238679.47999999998,362668.41,705504.31,185210.18,262214.53,137378.01,211837.08,252105.91999999998,174345.0,117936.0,173266.0,195294.0,194412.0,314004.0,268219.0,326323.0,417600.0,317098.0,310980.0,150759.0,63702.0,72989.0,195609.0,106840.0,97194.0,184173.0,268234.0,378615.0,250134.0,261553.0,307007.0,0.0,
Instituto Brasileiro de Geografia e Estatística,Tonelada,0,brasil,2,Nordeste,23,Ceará,2301,1415915.84,1369580.63,1101588.66,1010510.71,788515.39,702987.76,739534.87,968755.93,663714.05,1196524.08,823396.35,1299456.36,1282583.7,1442929.09,1435246.4,1349883.8699999999,1685624.41,1535776.89,687650.19,863310.77,985990.7,591234.18,610168.99,1087945.75,1024352.4,1146712.39,1045649.0,1179740.0,1193848.0,1180334.0,1283470.0,1041093.0,1602138.0,1739775.0,1535808.0,1481265.0,1700114.0,1331883.0,1248242.0,887703.0,633142.0,657349.0,792889.0,943335.0,1020445.0,1050926.0,982520.0,1007690.0,1019859.0,0.0,
Instituto Brasileiro de Geografia e Estatística,Tonelada,0,brasil,2,Nordeste,23,Ceará,2302,1411023.08,1424189.01,1324885.44,1401625.64,1246784.48,881770.94,850290.7999999999,1202122.97,863908.16,1427221.93,1377445.04,1304678.91,1323412.58,1510340.22,1679622.05,1518078.22,1575535.64,1553370.53,932996.27,1389586.13,1527824.81,770752.95,773865.92,918777.56,1337811.51,1338702.55,1107052.0,1097591.0,1130304.0,1125066.0,1148970.0,1431451.0,1293841.0,1420731.0,1263521.0,1201248.0,1432422.0,1084181.0,667369.0,724741.0,605427.0,442509.0,558569.0,460316.0,449099.0,472797.0,390561.0,433888.0,449184.0,0.0,
Instituto Brasileiro de Geografia e Estatística,Tonelada,0,brasil,2,Nordeste,23,Ceará,2303,958633.3,1009496.3200000001,935060.1699999999,773899.81,717727.85,488050.95999999996,492798.80000000005,550410.92,276388.11,331634.83999999997,287940.09,326046.39,351162.43,392255.33,406020.3,387147.43,458659.63,428943.45,192836.13,386665.88,421861.45,197468.41,203019.97,205804.52,180499.1,198530.54,205092.0,203164.0,233810.0,231507.0,238227.0,254703.0,268625.0,268238.0,276397.0,275780.0,234096.0,189068.0,95128.0,99690.0,85014.0,63034.0,97688.0,49476.0,53116.0,60744.0,54923.0,52821.0,49674.0,0.0,
Instituto Brasileiro de Geografia e Estatística,Tonelada,0,brasil,2,Nordeste,23,Ceará,2304,534242.39,415449.12,481945.27,416281.95,290766.57,188256.28,178132.85,167545.96,75636.88,243314.9,183794.46,295851.99,191892.19,370193.56,215747.97,206386.69999999998,349462.95,167440.2,59682.7,326276.41,309895.87,221217.48,152137.23,53100.05,225805.25,303946.35,146193.0,361333.0,408776.0,243217.0,205418.0,368906.0,163607.0,418599.0,218074.0,105210.0,469734.0,56705.0,64738.0,160034.0,78908.0,72725.0,160677.0,181825.0,221351.0,279865.0,197131.0,269822.0,157208.0,0.0,
Instituto Brasileiro de Geografia e Estatística,Tonelada,0,brasil,2,Nordeste,23,Ceará,2305,378617.75,361776.32,315500.43,294821.16000000003,243959.36,222748.91999999998,91035.28,234242.53,124591.29000000001,163936.04,144302.21,252335.82,153739.64,250373.96,223505.39,188167.05,221921.65,165820.84,104189.54,200008.9,210232.52,132479.81,141432.51,125980.63,158629.31,163676.85,91208.0,156724.0,176664.0,163988.0,147479.0,201750.0,204215.0,253971.0,279562.0,299868.0,394086.0,328338.0,377044.0,383498.0,289831.0,297620.0,226011.0,160484.0,186481.0,200023.0,194986.0,211971.0,193986.0,0.0,
Instituto Brasileiro de Geografia e Estatística,Tonelada,0,brasil,2,Nordeste,23,Ceará,2306,183617.49,96888.29,128980.54000000001,101970.19,71548.33,58416.03,52117.73,78991.26,50434.34,138468.71,120483.69,161890.8,143025.97,141435.47,142868.53,132251.63,155486.91999999998,148325.94,80149.98,146413.41,151714.24,125566.58,123853.20999999999,76415.48,117570.98,157913.19,83078.0,134005.0,173477.0,122133.0,103298.0,153872.0,92265.0,116587.0,116183.0,74335.0,136025.0,62352.0,42400.0,107852.0,34944.0,36865.0,60696.0,83544.0,73952.0,114805.0,104110.0,81482.0,81910.0,0.0,
Instituto Brasileiro de Geografia e Estatística,Tonelada,0,brasil,2,Nordeste,23,Ceará,2307,879664.46,808856.38,1151512.01,1128522.1400000001,906785.47,756457.38,629625.6799999999,701348.92,601028.28,591509.56,709650.47,978551.29,845181.56,875736.14,781359.06,816083.6699999999,964562.78,715140.54,526909.92,845343.61,857998.69,622889.42,621850.51,607806.04,757558.6900000001,786815.0800000001,564250.0,712805.0,703181.0,537794.0,470173.0,675262.0,441657.0,636834.0,651763.0,401315.0,586102.0,182723.0,217545.0,370312.0,254566.0,176466.0,321793.0,364546.0,341367.0,447139.0,351899.0,512303.0,417604.0,0.0,
Instituto Brasileiro de Geografia e Estatística,Tonelada,0,brasil,2,Nordeste,24,Rio Grande do Norte,2401,233570.66999999998,191568.99,253377.61000000002,196762.2,94494.64,75266.82,76245.54000000001,73145.49,56553.64,186137.43,111185.19,145078.6,80678.79,154612.99,133846.22,102319.39,143841.49,110633.91,24814.98,108317.14,120520.23,102185.47,91729.15,37196.8,49062.45,98273.4,97946.0,195384.0,197793.0,224005.0,209660.0,239698.0,207649.0,131419.0,155143.0,109448.0,206883.0,126155.0,126351.0,144738.0,121849.0,113687.0,108681.0,130146.0,152973.0,130566.0,129172.0,166238.0,170042.0,0.0,
Instituto Brasileiro de Geografia e Estatística,Tonelada,0,brasil,2,Nordeste,24,Rio Grande do Norte,2402,72253.92,69021.78,83574.95,87509.07,70802.4,69251.85,72299.62,80663.9,69405.67,100162.77,90222.88,111656.45,77516.78,99131.86,97376.64,47210.05,101201.39,62549.42,22389.36,76085.29000000001,73546.70999999999,52635.94,40529.89,23448.2,17617.010000000002,49984.380000000005,48677.0,55364.0,48590.0,84148.0,67274.0,79200.0,60066.0,47992.0,73899.0,51963.0,61795.0,35298.0,17829.0,22947.0,33543.0,26196.0,29103.0,49231.0,47608.0,37775.0,37096.0,44199.0,37534.0,0.0,
Instituto Brasileiro de Geografia e Estatística,Tonelada,0,brasil,2,Nordeste,24,Rio Grande do Norte,2403,353042.89,363388.86,367675.55,375278.67,333608.39,334040.56,394524.38,392416.4,254047.01,356127.46,377599.83999999997,430612.02,342523.01,412918.56,356440.43,236839.36,370451.64,353661.19,163761.4,464992.02999999997,441748.15,388044.05,327819.04,289844.5,196208.11,252508.47,243182.0,443608.0,466644.0,623667.0,695250.0,541317.0,561499.0,614624.0,575155.0,398060.0,424357.0,548063.0,470786.0,522213.0,129332.0,89984.0,119471.0,186199.0,187193.0,185690.0,188335.0,209506.0,186985.0,0.0,
Instituto Brasileiro de Geografia e Estatística,Tonelada,0,brasil,2,Nordeste,24,Rio Grande do Norte,2404,1183788.27,1500397.78,1715996.26,2107175.69,1619434.8800000001,1885128.93,1650771.79,2950624.39,2506486.04,2673354.98,2709330.76,3118890.64,3160975.97,3050631.33,2948264.7,2550027.11,3187079.0500000003,2622848.96,1475979.75,2417584.34,2420644.34,2488381.2199999997,2501096.99,2082126.58,1708589.69,2529359.57,1842308.0,2815676.0,3128916.0,3247888.0,3276476.0,3355963.0,3829726.0,4102553.0,4269952.0,3908822.0,3483254.0,3960217.0,3458759.0,3583455.0,3766168.0,3657404.0,3840133.0,3999634.0,3981960.0,4040372.0,4188348.0,3437615.0,3903429.0,0.0,
Instituto Brasileiro de Geografia e Estatística,Tonelada,0,brasil,2,Nordeste,25,Paraíba,2501,445659.29,340003.51,452701.76,329017.91,361605.11,262680.21,232540.7,176190.99,123071.01000000001,321209.73,265555.62,294212.72,219077.59,331522.55,332274.96,192065.16,333571.61,233804.99,56488.16,307959.75,286696.06,218389.46,186817.98,64937.1,79386.53,206672.66,80892.0,191721.0,217260.0,160218.0,121877.0,236601.0,126003.0,162407.0,163183.0,84409.0,117627.0,40745.0,26543.0,52566.0,29656.0,35843.0,38118.0,63947.0,61571.0,81562.0,77828.0,79532.0,54967.0,0.0,
Instituto Brasileiro de Geografia e Estatística,Tonelada,0,brasil,2,Nordeste,25,Paraíba,2502,116370.89,105699.15,96746.98,123633.87,77047.13,55531.39,65988.08,71831.44,57426.74,132462.99,117308.92,125712.16,75903.95999999999,90850.67,92668.87,27601.89,54991.44,50198.979999999996,9276.26,77801.5,90577.85,61194.45,79865.61,16712.24,14814.14,45968.49,12758.0,36207.0,24951.0,23753.0,45362.0,71708.0,37247.0,67643.0,68600.0,136893.0,44451.0,26500.0,14418.0,18516.0,9886.0,9805.0,10852.0,30082.0,22968.0,36681.0,24187.0,29314.0,31565.0,0.0,
Instituto Brasileiro de Geografia e Estatística,Tonelada,0,brasil,2,Nordeste,25,Paraíba,2503,1467595.4,1910530.23,2105498.2,2189504.66,2199800.27,2263113.03,1862560.46,2265165.05,1778547.44,2182494.41,2232037.35,2386882.2600000002,1913408.09,2023008.32,2148639.13,2088470.91,1952053.47,1821828.71,718105.92,1229334.99,1213079.82,596558.16,939190.65,373511.52,501440.55,658512.4,550857.0,563984.0,630753.0,672766.0,654857.0,722669.0,767879.0,768088.0,712608.0,587144.0,682868.0,448853.0,471406.0,457791.0,457213.0,457559.0,454726.0,442253.0,416400.0,445631.0,421159.0,501774.0,560313.0,0.0,
Instituto Brasileiro de Geografia e Estatística,Tonelada,0,brasil,2,Nordeste,25,Paraíba,2504,1686277.82,1968724.91,2870425.2,2780225.41,3193859.07,3577890.71,3891173.89,5635025.93,6002296.48,7443731.42,9114452.15,9069646.4,8288256.91,7425847.45,7237704.71,6922697.89,6878687.89,6903871.89,1661990.8900000001,4203754.67,6182681.06,3716567.26,4116551.38,3411818.18,3134484.55,3940825.1100000003,4776410.0,4875399.0,5971097.0,6226719.0,4838952.0,5875708.0,5994836.0,6109271.0,6098235.0,5437899.0,6139241.0,5684376.0,5937983.0,6573920.0,6612922.0,6725338.0,5199195.0,5303250.0,5294945.0,5532311.0,5471315.0,5565704.0,6818038.0,0.0,
Instituto Brasileiro de Geografia e Estatística,Tonelada,0,brasil,2,Nordeste,26,Pernambuco,2601,727934.14,669294.66,672742.79,889514.39,786359.23,469371.97,316303.5,384968.11,257586.72,618585.91,481180.6,521470.58999999997,365595.13,494628.76,547590.94,461053.26,490036.38,403204.74,249294.8,490358.31,487379.83,524177.63,390223.56,190239.95,193205.65,285483.3,179961.0,311344.0,316876.0,290673.0,380001.0,517064.0,421653.0,515061.0,515881.0,476495.0,336960.0,137796.0,144070.0,215931.0,201727.0,128876.0,111982.0,265331.0,286006.0,304417.0,234725.0,259791.0,263898.0,0.0,
Instituto Brasileiro de Geografia e Estatística,Tonelada,0,brasil,2,Nordeste,26,Pernambuco,2602,181321.12,247345.45,239765.52000000002,204018.79,196644.16999999998,192752.29,185576.8,187106.99,181256.43,263466.39,252950.95,326637.86,311883.15,452459.14,310111.18,267875.05,347514.2,245018.99,379484.42000000004,403657.69,492401.54000000004,415827.89,405919.37,350084.49,361402.56,353474.49,305652.0,373990.0,416618.0,452110.0,476110.0,457300.0,451142.0,459504.0,498609.0,500554.0,518631.0,471963.0,461242.0,409557.0,384257.0,541363.0,618927.0,627300.0,673039.0,569704.0,648593.0,556547.0,688527.0,0.0,
Instituto Brasileiro de Geografia e Estatística,Tonelada,0,brasil,2,Nordeste,26,Pernambuco,2603,2218780.23,2447272.1,2729028.53,2447656.38,2424717.52,2091442.86,1936166.71,2352083.03,1950139.1300000001,2345642.93,2250809.46,2336843.34,2231911.56,2025358.21,2114169.93,1912598.68,1989286.03,1800831.67,1101867.58,1651802.43,1548056.16,1252802.41,1482858.52,876078.83,618646.5599999999,862032.81,824306.0,1026828.0,901101.0,1012208.0,967023.0,1055222.0,1049675.0,1062284.0,1053428.0,4661999.0,4006182.0,1903320.0,1548562.0,1648877.0,1386601.0,1060114.0,1278712.0,601127.0,524113.0,555067.0,602745.0,557567.0,735581.0,0.0,
Instituto Brasileiro de Geografia e Estatística,Tonelada,0,brasil,2,Nordeste,26,Pernambuco,2604,10620035.14,13136498.51,14017549.82,14052437.08,14903814.31,13846684.04,14332667.65,14820461.15,16468947.17,16194779.28,16882802.69,17727294.68,18954415.77,18589954.57,20174874.15,18172056.01,18872908.77,19909211.78,10237069.21,15702046.21,17148509.05,15328119.32,16950116.7,15860267.44,8958613.29,11903074.82,13427666.0,13691054.0,14008457.0,14452560.0,12818992.0,14947884.0,16745874.0,17162455.0,16230261.0,13177772.0,13516199.0,10951292.0,11442993.0,11948246.0,12471956.0,10829511.0,9518222.0,10107975.0,9744295.0,11155003.0,11736435.0,12732136.0,12184550.0,0.0,
Instituto Brasileiro de Geografia e Estatística,Tonelada,0,brasil,2,Nordeste,26,Pernambuco,2605,1885020.57,1872412.69,2396748.62,2493423.29,2342793.73,2369875.2,2466327.64,2460269.47,2814253.74,3247839.79,3503872.1,3120325.48,3250015.94,3520079.49,3389992.87,4213342.43,4175968.29,4862151.83,4095091.93,3260081.48,3350468.7,3328086.6799999997,3608183.44,3608166.44,3305509.68,3265204.69,2340804.0,3666682.0,4250490.0,4315328.0,4125587.0,2438125.0,2673117.0,2700519.0,2746575.0,2447650.0,2690146.0,2008589.0,2392250.0,2421015.0,2668974.0,2161641.0,1997429.0,2934283.0,2946721.0,3792604.0,3974298.0,4709972.0,4597101.0,0.0,
Instituto Brasileiro de Geografia e Estatística,Tonelada,0,brasil,2,Nordeste,27,Alagoas,2701,200351.76,160902.63,227354.22,208707.34,235089.07,97084.79000000001,33188.81,80216.81,22076.23,72351.06,83208.88,99269.34,26985.81,42876.55,82227.99,75758.70999999999,77806.53,74589.81,53697.22,136671.53,138314.54,100285.8,113183.8,66662.69,49527.45,53437.26,63009.0,67375.0,23031.0,58394.0,82547.0,79921.0,71638.0,98825.0,82343.0,46525.0,47658.0,17645.0,30529.0,33972.0,26964.0,14732.0,25439.0,15319.0,16641.0,20753.0,35288.0,29737.0,39562.0,0.0,
Instituto Brasileiro de Geografia e Estatística,Tonelada,0,brasil,2,Nordeste,27,Alagoas,2702,332574.82,262677.85,390546.54,371584.54,345999.28,279453.42,254192.32,313236.09,329085.16,338768.07,374595.77,412611.85,989542.64,485199.32,595910.59,747028.7,684503.72,677584.96,529683.13,935282.82,906177.18,862890.2899999999,819348.02,887458.94,762389.23,986082.6,926390.0,914062.0,737938.0,949845.0,887227.0,780154.0,831006.0,1085773.0,1022144.0,1006254.0,1144246.0,1095858.0,1074243.0,1090628.0,653957.0,561876.0,551017.0,399590.0,622001.0,531511.0,473055.0,613272.0,575299.0,0.0,
Instituto Brasileiro de Geografia e Estatística,Tonelada,0,brasil,2,Nordeste,27,Alagoas,2703,10694520.54,10739537.290000001,14814361.91,15820069.43,18719153.47,17287562.78,20865171.3,21666531.61,22137891.4,21309049.88,24951784.44,21222636.37,33810986.04,17625554.87,22497930.04,25750707.78,21828918.95,22249147.0,12717294.79,21274409.16,21149383.36,20350852.95,24483871.94,28150901.01,26587903.64,27342617.74,28333098.0,24748468.0,26769722.0,25730103.0,23209759.0,23014277.0,24487062.0,28565589.0,26214345.0,23796247.0,28544830.0,27008687.0,27404822.0,26162512.0,20510522.0,18639173.0,17654907.0,17054223.0,18822732.0,15653281.0,17836305.0,17325863.0,19245571.0,0.0,
Instituto Brasileiro de Geografia e Estatística,Tonelada,0,brasil,2,Nordeste,28,Sergipe,2801,58680.71,22599.55,46361.55,31648.0,48317.0,13244.0,25924.0,94200.0,9221.0,76737.0,94014.0,107070.0,26971.0,56966.0,84105.24,43384.0,76433.62,38512.17,32872.66,109092.27,108237.43,122213.70999999999,92775.88,58803.59,89964.32,71598.18,51368.0,45050.0,66518.0,80723.0,145611.0,137142.0,145979.0,456907.0,515065.0,817850.0,302283.0,85410.0,415367.0,492541.0,256077.0,74442.0,457563.0,28337.0,378836.0,514456.0,379398.0,433975.0,495775.0,0.0,
Instituto Brasileiro de Geografia e Estatística,Tonelada,0,brasil,2,Nordeste,28,Sergipe,2802,405114.31,313506.3,562894.25,573190.65,543961.44,663639.44,631597.3099999999,791002.36,722431.13,542777.49,727049.63,791388.65,749781.55,613835.37,684302.72,728803.85,726845.0900000001,652587.69,773085.48,792855.25,766270.8,744262.1699999999,813918.4299999999,720153.6699999999,565174.5800000001,570954.71,530488.0,570654.0,584343.0,650028.0,645645.0,661551.0,780314.0,794274.0,882627.0,969594.0,913044.0,922582.0,923616.0,862818.0,710663.0,462698.0,662107.0,306642.0,580861.0,652412.0,574240.0,617640.0,662729.0,0.0,
Instituto Brasileiro de Geografia e Estatística,Tonelada,0,brasil,2,Nordeste,28,Sergipe,2803,1099604.82,913737.45,1075528.15,1331511.01,1352966.1,1452903.37,1517713.6,1624904.7,1451479.49,1220626.65,1915158.0899999999,2373409.04,2595674.59,2431357.04,2432637.15,2623932.71,2545659.64,2186619.22,2131296.79,2057329.09,1766333.68,1795674.16,1993678.09,1965324.3,1798847.91,1885266.29,1954098.0,1849468.0,2137038.0,2447567.0,2543329.0,2705432.0,3124222.0,3192007.0,3339290.0,3699776.0,3993823.0,3897138.0,3601013.0,3565817.0,3748549.0,2841583.0,2678673.0,2460136.0,2171962.0,2380379.0,2457774.0,2576595.0,2829487.0,0.0,
Instituto Brasileiro de Geografia e Estatística,Tonelada,0,brasil,2,Nordeste,29,Bahia,2901,1270489.3399999999,1299165.8900000001,1682708.03,1133609.77,474730.32,463721.96,712097.09,687390.4,533795.87,347715.21,841381.82,965308.01,562085.84,962445.54,1282363.79,792976.6699999999,1070162.41,1170390.96,1567846.52,1855455.12,2256170.43,1794245.9,2316719.69,2329563.36,2584935.17,3450923.1,3390980.0,3204689.0,3484435.0,4659334.0,4554404.0,3627192.0,4381571.0,5179103.0,4775830.0,5488516.0,6040081.0,5947703.0,5319914.0,6813954.0,7465087.0,5480763.0,6844227.0,8632026.0,6934152.0,7944039.0,8908953.0,8986320.0,10314326.0,0.0,
Instituto Brasileiro de Geografia e Estatística,Tonelada,0,brasil,2,Nordeste,29,Bahia,2902,475570.31,483948.14,326934.41,433536.0,403378.28,636151.42,791437.3,675766.42,544981.89,612490.34,808565.93,926091.25,1070186.44,1150237.26,1122186.7,998107.13,1271857.77,1091526.07,1329952.5,1366446.4,1565855.5899999999,1561295.29,1700213.72,1623274.85,1652256.15,2071934.75,1755526.0,2007722.0,2005997.0,2056843.0,2432625.0,2531786.0,2559956.0,2249196.0,2002063.0,2133251.0,2133672.0,1816631.0,1742756.0,2203267.0,2062109.0,2077172.0,2154265.0,2262646.0,2481960.0,3005412.0,3030319.0,2254099.0,2446633.0,0.0,
Instituto Brasileiro de Geografia e Estatística,Tonelada,0,brasil,2,Nordeste,29,Bahia,2903,1337949.33,945539.44,892302.21,1040689.6,1314410.41,1451515.77,1448034.07,1145241.65,1018889.03,987988.68,1549449.07,1384872.73,1055221.23,1055827.51,1016638.5700000001,1061783.9,1072546.0,1361450.83,915802.31,872078.42,762529.4400000001,772020.13,1262464.78,691986.91,778778.18,1399069.26,909500.0,931092.0,1103679.0,1036089.0,1243982.0,1285844.0,1310857.0,1224815.0,1076774.0,1164272.0,1107278.0,488581.0,444270.0,624747.0,713090.0,652827.0,480691.0,405526.0,373073.0,420336.0,424594.0,464789.0,444829.0,0.0,
Instituto Brasileiro de Geografia e Estatística,Tonelada,0,brasil,2,Nordeste,29,Bahia,2904,619541.28,534250.17,621931.43,696269.55,701513.64,605470.98,908379.59,823853.41,620211.13,661715.01,830937.86,1057937.58,921353.36,900800.97,950583.5,772365.42,996749.34,827367.36,572698.08,1049235.72,1162357.92,1298751.19,1380274.21,1322312.17,1332382.14,1508856.39,1457221.0,1710025.0,1639158.0,1813412.0,2046513.0,1997712.0,2040512.0,2234512.0,1944559.0,2133916.0,1646177.0,1262763.0,1702648.0,1571615.0,1963903.0,1173741.0,1146183.0,812903.0,1198925.0,1734365.0,1336328.0,1692833.0,1577211.0,0.0,
Instituto Brasileiro de Geografia e Estatística,Tonelada,0,brasil,2,Nordeste,29,Bahia,2905,1162034.87,967409.47,979291.49,1355994.34,1770479.77,1649801.74,1952426.85,1902050.74,1437052.3,1311333.97,1739111.1199999999,1875105.65,1754537.03,1872087.18,1925935.47,1922346.77,1904492.06,1951044.34,1773740.24,1813388.8800000001,2000951.8,2015587.03,2065739.79,2007687.1400000001,1718750.66,1477014.08,1266408.0,1307827.0,1305777.0,1302684.0,1552329.0,1509982.0,1537751.0,1325013.0,956982.0,1004212.0,1136560.0,1281583.0,1187753.0,1252965.0,933815.0,893633.0,200853.0,172712.0,177298.0,179234.0,168065.0,182693.0,192883.0,0.0,
Instituto Brasileiro de Geografia e Estatística,Tonelada,0,brasil,2,Nordeste,29,Bahia,2906,3690415.5,2773145.84,2799811.7800000003,3118309.1,3413648.65,3400833.67,3306951.42,2932773.43,2853145.8,3011059.76,3492071.75,3275600.12,2519961.97,2689321.57,3069001.9,2992268.36,3030664.42,2625446.87,2427520.71,2228276.28,2079993.62,1952283.25,1842628.57,1831163.29,2248828.1,2521756.57,2129861.0,2609751.0,2574897.0,2722788.0,2926791.0,3005739.0,3270078.0,3052829.0,2354658.0,2219169.0,2605676.0,1915326.0,1816457.0,2075554.0,2188832.0,1950990.0,1075921.0,1072234.0,1033800.0,1156714.0,1251491.0,1291830.0,1344990.0,0.0,
Instituto Brasileiro de Geografia e Estatística,Tonelada,0,brasil,2,Nordeste,29,Bahia,2907,1511488.1,1457342.46,1465915.3,1506441.53,1669470.95,2064254.67,2484363.7,2181025.1,2092452.51,2067670.48,2318898.98,2270751.23,1905159.85,1892323.01,2061705.28,1912238.94,1854215.0,1899874.46,1660956.62,1753899.93,1669530.56,1638145.54,1999692.63,2246463.14,2054342.84,2067423.76,2052073.0,2023228.0,2069653.0,2432738.0,2749426.0,3297923.0,3410824.0,3524979.0,3115176.0,3990793.0,4644106.0,4663089.0,4559387.0,4252284.0,4220770.0,4242737.0,3484757.0,3529646.0,3457889.0,3311961.0,3424632.0,3951973.0,4189450.0,0.0,
Instituto Brasileiro de Geografia e Estatística,Tonelada,0,brasil,3,Sudeste,31,Minas Gerais,3101,438223.12,482649.91000000003,360565.16000000003,300705.0,367248.74,464242.66000000003,406153.87,556198.09,496335.37,505679.45,798403.29,747423.66,992273.7,1046674.62,1142252.49,769324.89,1155207.76,1136109.78,1194329.41,1404042.63,1360789.91,978095.08,1477394.44,1605637.89,1750567.3599999999,1850155.62,1753551.0,2367309.0,2552264.0,2612020.0,2962761.0,2744753.0,3375306.0,3802551.0,4283489.0,4259217.0,8132443.0,8700651.0,9157188.0,8345360.0,7823782.0,7711378.0,10123434.0,10895616.0,10803755.0,11477831.0,9599919.0,11477493.0,13274142.0,0.0,
Instituto Brasileiro de Geografia e Estatística,Tonelada,0,brasil,3,Sudeste,31,Minas Gerais,3102,2204783.67,1372697.94,1683113.33,1796919.45,1704766.02,2152135.85,2526677.44,2426365.7,2368713.53,2243462.65,2552215.48,2703705.83,1599710.1600000001,1982403.3800000001,1472869.38,1502371.44,1736325.55,1637279.8800000001,1777665.84,1735408.58,1838585.3599999999,1037611.08,1376852.77,1683128.98,1567985.99,1742955.04,1680613.0,1892108.0,1820499.0,2060323.0,2165890.0,1848837.0,2574118.0,2537245.0,2673364.0,2635546.0,3111154.0,2562070.0,3048013.0,2950065.0,3258406.0,3374976.0,2187089.0,2135496.0,2329591.0,2538581.0,2487408.0,2473427.0,2592122.0,0.0,
Instituto Brasileiro de Geografia e Estatística,Tonelada,0,brasil,3,Sudeste,31,Minas Gerais,3103,675039.95,701509.73,652780.77,668303.49,620325.9,744885.59,882907.9,765195.39,677956.8,601822.67,645397.98,684930.68,693843.77,710913.21,597014.45,760336.56,763517.95,741877.46,738158.65,577137.08,480374.03,451631.62,724148.31,509937.11,531354.43,593783.51,492465.0,553386.0,508367.0,514809.0,587992.0,555713.0,615639.0,624709.0,656729.0,594573.0,602129.0,615292.0,546169.0,541599.0,525076.0,549144.0,270355.0,279175.0,291443.0,323389.0,291883.0,295807.0,322714.0,0.0,
Instituto Brasileiro de Geografia e Estatística,Tonelada,0,brasil,3,Sudeste,31,Minas Gerais,3104,584196.45,342950.52,447479.86,333199.21,337572.64,338453.43,335466.09,360268.9,303998.99,261768.39,420201.61,790701.99,798681.8400000001,639205.88,473317.8,525604.55,611058.24,651931.3200000001,596918.77,498913.21,566270.85,293359.5,438977.21,458600.98,462909.06,512996.91,436604.0,518332.0,510701.0,473896.0,505486.0,734312.0,744774.0,779372.0,777728.0,726658.0,771466.0,830285.0,841063.0,715793.0,982669.0,577256.0,229058.0,236621.0,233708.0,294065.0,295248.0,286181.0,339948.0,0.0,
Instituto Brasileiro de Geografia e Estatística,Tonelada,0,brasil,3,Sudeste,31,Minas Gerais,3105,2118679.43,2552522.9,1728366.54,1571784.34,1883049.59,1987737.49,2042119.79,3473097.56,4791601.36,5663777.5,6834750.399999999,7786679.03,8574135.55,9136453.59,8765259.22,9253303.62,9710050.07,9286630.26,8686045.24,9200479.89,9851434.41,7602843.64,10562729.63,11582359.61,12394242.84,13675791.0,14318613.0,13506304.0,16122146.0,19166825.0,20109083.0,25843880.0,30034267.0,38433866.0,46992141.0,48463963.0,51426997.0,55634634.0,56049668.0,58444084.0,56273735.0,57620299.0,59560516.0,60021183.0,62088970.0,67331324.0,61956308.0,64988218.0,72321486.0,0.0,
Instituto Brasileiro de Geografia e Estatística,Tonelada,0,brasil,3,Sudeste,31,Minas Gerais,3106,1046731.64,1318332.66,1192302.9,1016144.0700000001,1107239.21,1281559.77,1153228.56,1219213.4,1170153.26,1000922.46,1243219.26,1423193.73,1563708.95,1460739.31,1752086.22,1515964.1500000001,1654403.6,1688565.6199999999,1700552.13,1830868.45,1877181.49,1852228.47,1766749.27,1608877.99,1852829.91,1652411.82,1773385.0,1878960.0,2123583.0,2329125.0,2252650.0,2181939.0,2370999.0,2479356.0,3248847.0,3307365.0,3126911.0,2794135.0,3333081.0,3712809.0,3304466.0,3319149.0,3865714.0,4001629.0,4038964.0,4226448.0,3843590.0,4028022.0,4763267.0,0.0,
Instituto Brasileiro de Geografia e Estatística,Tonelada,0,brasil,3,Sudeste,31,Minas Gerais,3107,1137515.6099999999,974084.01,906884.96,872202.95,859197.86,937614.64,852638.06,791182.23,809977.72,864915.98,898811.06,965688.3099999999,1017342.84,917662.87,933551.33,947737.75,1081568.32,1071698.65,1136950.68,1115235.94,1097225.79,970402.9,873894.71,881814.06,882405.72,868266.17,869518.0,837581.0,831690.0,877363.0,855274.0,863649.0,961909.0,985920.0,1010223.0,1016333.0,1049943.0,1076099.0,1087466.0,1005433.0,919527.0,876398.0,581156.0,546054.0,587750.0,642674.0,586511.0,569791.0,607228.0,0.0,
Instituto Brasileiro de Geografia e Estatística,Tonelada,0,brasil,3,Sudeste,31,Minas Gerais,3108,1488950.97,1250427.06,1520954.47,1261791.28,1185102.03,1125082.82,1225859.39,1071834.93,1041993.35,1098790.04,1223393.46,1164015.19,1091188.05,1166281.22,1122087.2,1123064.41,1274191.91,1147219.35,1103659.78,971469.81,924832.79,705454.62,924477.56,962746.23,956037.47,1010375.34,898298.0,943572.0,968656.0,1070962.0,1060696.0,943147.0,1054196.0,1104699.0,1155735.0,1127741.0,1175800.0,1188877.0,1154747.0,1020410.0,1059321.0,958205.0,445248.0,446212.0,444821.0,515356.0,428996.0,425658.0,442502.0,0.0,
Instituto Brasileiro de Geografia e Estatística,Tonelada,0,brasil,3,Sudeste,31,Minas Gerais,3109,706345.62,702629.83,653555.92,593745.88,647015.97,616838.96,577743.79,511597.61,595106.77,535236.27,619422.12,667804.38,725848.41,561827.73,655402.12,519499.8,661649.11,724395.28,646264.17,586751.34,716316.81,706446.44,704399.53,745107.77,747017.46,855358.3099999999,814021.0,953517.0,1001435.0,1076289.0,1099528.0,1077325.0,1788950.0,2340495.0,2941527.0,2506801.0,2493527.0,2278673.0,2579652.0,2253915.0,2625912.0,2555101.0,2133717.0,2489360.0,2580239.0,2820536.0,2756110.0,2823145.0,2932279.0,0.0,
Instituto Brasileiro de Geografia e Estatística,Tonelada,0,brasil,3,Sudeste,31,Minas Gerais,3110,3695854.19,3703026.94,3487828.46,3421730.51,4032098.36,4503599.04,5459132.33,5204594.55,5709367.82,5930547.8,6773413.96,6373646.08,7140680.06,5905567.63,5786581.92,5052756.83,5268845.94,5401956.15,4968658.79,5088043.6899999995,4847163.71,4603731.4,4740722.99,5179177.45,4904251.1,4684036.08,4764525.0,4938883.0,4979033.0,5680423.0,5797054.0,6048279.0,6274465.0,7022848.0,6922921.0,8307796.0,8163089.0,8434750.0,7727355.0,6347100.0,6940559.0,7626295.0,6321786.0,6304770.0,6315255.0,6669671.0,5593798.0,5687971.0,6483061.0,0.0,
Instituto Brasileiro de Geografia e Estatística,Tonelada,0,brasil,3,Sudeste,31,Minas Gerais,3111,291379.0,266913.99,264935.93,270866.74,269091.41,295156.3,310206.64,289568.84,299588.68,286857.86,358457.18,352526.97,410754.82,325412.91,316649.72,271838.99,349198.81,320424.31,301983.71,288319.55,304712.29,310357.51,265765.42,294069.7,322553.9,325133.36,360905.0,368912.0,435295.0,499338.0,502062.0,476438.0,537580.0,570317.0,588803.0,589943.0,599190.0,663288.0,715243.0,686007.0,674390.0,840182.0,643797.0,684086.0,935479.0,945840.0,958987.0,1042492.0,1214778.0,0.0,
Instituto Brasileiro de Geografia e Estatística,Tonelada,0,brasil,3,Sudeste,31,Minas Gerais,3112,3391983.32,2898072.22,3017700.42,3214362.68,3061722.46,2955798.82,3133995.57,3125053.4,3779329.88,3618281.86,3872246.16,3627683.47,3845305.68,3607254.29,3131680.89,2848296.73,2951427.64,2929182.9,2942868.23,3063955.65,2918903.67,2593961.32,2413581.76,2226961.93,2254481.15,2202636.28,2077344.0,2109235.0,2125014.0,2278421.0,2320541.0,2213554.0,2254435.0,2469540.0,2427672.0,2428342.0,2853840.0,2981091.0,2992587.0,2128299.0,1898977.0,1854755.0,1496159.0,1553476.0,1534945.0,1772115.0,1439924.0,1512720.0,1579483.0,0.0,
Instituto Brasileiro de Geografia e Estatística,Tonelada,0,brasil,3,Sudeste,32,Espírito Santo,3201,492677.33,559215.7,536815.47,588680.96,474387.0,537651.41,451001.33,518489.58999999997,572025.5,488266.31,559335.39,717799.62,494399.27,460174.36,394822.15,363035.35,438744.4,430415.43,443878.86,378667.56,301683.27,463665.89,320059.88,291524.66,265937.29,425948.78,575004.0,449881.0,345277.0,497042.0,516335.0,510487.0,581917.0,570179.0,519246.0,510528.0,437008.0,461721.0,404657.0,387888.0,315814.0,179178.0,298009.0,394278.0,375569.0,338408.0,400353.0,417952.0,364971.0,0.0,
Instituto Brasileiro de Geografia e Estatística,Tonelada,0,brasil,3,Sudeste,32,Espírito Santo,3202,478169.03,499186.78,521719.18,530847.39,413502.48,292841.07,335098.12,947256.86,1369563.02,1722522.47,1971107.92,1954875.34,1930775.09,1964493.99,1646376.18,1570402.22,1442504.81,1634496.49,1600216.41,1747122.18,1787721.66,2140656.9,2045724.91,1934860.24,1922214.0,2004157.99,2290888.0,2424888.0,3154325.0,3267536.0,3426712.0,3428918.0,3741687.0,4399052.0,4500768.0,4555782.0,4092819.0,4121258.0,3394705.0,3642240.0,3135292.0,2508807.0,2306947.0,2648542.0,2470058.0,2533694.0,2920923.0,3142112.0,3145252.0,0.0,
Instituto Brasileiro de Geografia e Estatística,Tonelada,0,brasil,3,Sudeste,32,Espírito Santo,3203,647257.05,716105.21,720085.15,706678.78,606980.37,655191.31,530480.63,502179.55,501462.87,560267.23,581006.1,602578.63,636731.71,671340.58,696944.12,617691.03,701469.26,755467.03,730805.05,759498.86,637013.63,582010.42,593691.44,721719.3,686611.96,707573.38,570874.0,531520.0,537940.0,541725.0,563096.0,553159.0,555022.0,559613.0,593711.0,562012.0,603960.0,614135.0,616913.0,684420.0,564989.0,562820.0,605701.0,711282.0,669883.0,677450.0,678163.0,706269.0,675517.0,0.0,
Instituto Brasileiro de Geografia e Estatística,Tonelada,0,brasil,3,Sudeste,32,Espírito Santo,3204,917067.4,1074781.22,1100411.29,1206336.86,1234405.24,887322.85,976973.79,1327743.71,1263817.1199999999,1467932.58,1544593.8699999999,1643727.98,1566548.38,1290518.77,1237043.98,435440.49,787740.09,753002.09,848463.38,913127.44,775158.25,781359.42,825810.9,973023.26,1006815.07,1064154.3,716766.0,866781.0,927175.0,1087792.0,1122571.0,1069026.0,936521.0,1025213.0,1007401.0,990178.0,950815.0,954103.0,935276.0,909460.0,580643.0,608040.0,598959.0,672708.0,685373.0,679276.0,627161.0,663931.0,632105.0,0.0,
Instituto Brasileiro de Geografia e Estatística,Tonelada,0,brasil,3,Sudeste,33,Rio de Janeiro,3301,749632.1,977762.01,835642.59,557891.74,551402.2,573274.24,385254.1,452824.24,507654.97,563040.61,577028.24,593128.24,516022.3,560929.4,551543.49,458356.07,386917.89,387837.06,350778.52,351805.52999999997,312027.92,233183.88999999998,246878.4,253400.61,231744.59,234059.59,235074.0,235810.0,265781.0,301081.0,334395.0,343579.0,419371.0,451706.0,450582.0,415183.0,369854.0,323974.0,295469.0,324096.0,210952.0,161538.0,131138.0,118744.0,119561.0,112354.0,89419.0,96652.0,71670.0,0.0,
Instituto Brasileiro de Geografia e Estatística,Tonelada,0,brasil,3,Sudeste,33,Rio de Janeiro,3302,6891466.6,5674047.74,8435813.52,8348434.6,8953378.33,8956933.58,9070680.34,10189469.67,9371075.9,8856893.64,10163745.13,9572620.97,8138124.96,10556013.67,9128183.51,4799584.91,7501318.73,6464551.49,6303692.0200000005,6342939.6,6966362.01,7159093.600000001,6987589.55,7158837.49,7052328.06,6691212.7,4673071.0,6772849.0,6760911.0,8079438.0,7100844.0,6339934.0,5339926.0,5904925.0,5815328.0,5809249.0,4597433.0,5259960.0,4412523.0,4364253.0,3645714.0,2210598.0,2053672.0,1849158.0,2120211.0,2056135.0,2304407.0,2430012.0,2086777.0,0.0,
Instituto Brasileiro de Geografia e Estatística,Tonelada,0,brasil,3,Sudeste,33,Rio de Janeiro,3303,156236.86000000002,150356.97,147723.65,141801.94,135617.35,172890.01,181454.23,197673.16999999998,204958.33,191412.96,202451.06,204903.5,197534.37,119908.01,138757.24,126381.02,135603.91,143318.07,140738.98,136519.38,128566.02,163039.15,176537.99,183301.27,193972.8,202509.18,188898.0,184938.0,178785.0,202813.0,201327.0,205713.0,194814.0,197031.0,195009.0,194054.0,236763.0,254697.0,242917.0,140185.0,115096.0,102583.0,92736.0,88546.0,92101.0,99524.0,105210.0,97472.0,102178.0,0.0,
Instituto Brasileiro de Geografia e Estatística,Tonelada,0,brasil,3,Sudeste,33,Rio de Janeiro,3304,215783.2,279442.51,287104.05,247372.84,388763.41000000003,391645.76,416442.23,608920.75,621005.6,681767.92,689745.13,703893.89,687391.45,677139.84,742458.25,717967.69,687983.96,673549.11,661879.29,644418.74,314971.33,359701.6,356178.72000000003,354462.51,351863.04,322238.25,294361.0,287090.0,287662.0,339257.0,224409.0,223940.0,239137.0,238110.0,238866.0,238507.0,239113.0,239504.0,237086.0,325545.0,248897.0,297026.0,312378.0,364524.0,447914.0,316240.0,324529.0,391111.0,404950.0,0.0,
Instituto Brasileiro de Geografia e Estatística,Tonelada,0,brasil,3,Sudeste,33,Rio de Janeiro,3305,161956.04,113095.21,143258.85,133118.71,146069.41,151303.84,143846.77,161162.03,160841.57,164974.1,174554.56,164657.79,175723.41,159249.67,141810.29,137130.71,126429.06999999999,113515.21,150762.51,160961.73,134634.01,127094.3,124722.11,118338.11,118237.39,117102.9,107670.0,105642.0,99278.0,102007.0,85545.0,94264.0,89331.0,88454.0,87701.0,105283.0,107854.0,106555.0,100993.0,62632.0,48999.0,48455.0,45801.0,40271.0,26970.0,29751.0,26029.0,17697.0,15864.0,0.0,
Instituto Brasileiro de Geografia e Estatística,Tonelada,0,brasil,3,Sudeste,33,Rio de Janeiro,3306,833858.51,770358.86,680638.53,615113.4299999999,662890.52,683927.85,677931.94,587664.9299999999,603073.88,611970.24,612582.28,647263.1,652372.01,597352.31,669108.7,657738.23,537418.01,475482.2,475596.38,481961.83,447034.4,332088.93,346630.65,315798.89,337211.51,352330.62,302739.0,292542.0,281160.0,298417.0,283352.0,282426.0,279562.0,272989.0,271279.0,268524.0,274291.0,277400.0,292538.0,230804.0,234344.0,248693.0,205826.0,178177.0,183502.0,192223.0,179869.0,156790.0,161906.0,0.0,
Instituto Brasileiro de Geografia e Estatística,Tonelada,0,brasil,3,Sudeste,35,São Paulo,3501,3222492.28,4137586.11,3877413.17,4108200.03,4716786.94,6267364.05,6895567.5600000005,8587768.59,10675505.15,12024191.1,12622720.74,11769019.52,13527961.89,13495350.82,14190882.17,14746627.62,15829409.94,15472074.53,16540417.69,17086828.01,17990490.15,20088005.24,21217410.36,21521009.0,21919488.53,21472069.99,23208268.0,26122035.0,27351423.0,29929401.0,34056635.0,40937662.0,52340041.0,61466803.0,71054128.0,77512611.0,75426231.0,76686098.0,81779390.0,77423221.0,81677168.0,88037858.0,93137877.0,83790697.0,82517050.0,83594886.0,78439107.0,82414395.0,90401962.0,0.0,
Instituto Brasileiro de Geografia e Estatística,Tonelada,0,brasil,3,Sudeste,35,São Paulo,3502,11535861.06,15088146.92,17489097.68,20044123.39,24875157.06,25913875.59,25702868.88,31971602.11,35597967.09,37297975.03,41021457.05,36513809.71,40329323.02,41715261.48,40043125.76,44751644.28,44885399.25,46777798.96,53314170.97,63463612.08,61941118.07,69223517.65,70894735.16,71575399.1,71544689.64,68194019.63,72866992.0,75268136.0,79931434.0,83080966.0,87176983.0,93098938.0,103470448.0,112972288.0,113449739.0,114184238.0,112324078.0,106589204.0,109840061.0,104586145.0,109671309.0,113959347.0,116815527.0,115270798.0,112832309.0,114476563.0,107805383.0,108988567.0,113064852.0,0.0,
Instituto Brasileiro de Geografia e Estatística,Tonelada,0,brasil,3,Sudeste,35,São Paulo,3503,831657.9400000001,1073377.17,1219392.05,992096.37,1266370.86,1761623.74,1819381.37,2756658.17,6107860.95,6598383.59,6840206.59,6482052.64,6661180.55,7145052.08,6986129.18,7343499.53,7789607.44,7878820.22,8057759.03,9472961.17,9638065.23,10360430.7,11746652.35,13008741.33,13049213.75,13420656.04,12746317.0,14304826.0,16653585.0,18490081.0,18906707.0,25047339.0,30350237.0,38629189.0,42655256.0,46882661.0,44193708.0,43950327.0,40644183.0,35466421.0,36095979.0,40198651.0,40920219.0,42781245.0,45613979.0,45571752.0,40400509.0,41612486.0,44940011.0,0.0,
Instituto Brasileiro de Geografia e Estatística,Tonelada,0,brasil,3,Sudeste,35,São Paulo,3504,5664492.58,8038527.66,9442733.5,10129993.57,11053722.84,13671894.54,13811159.61,16680255.52,20197316.88,18173360.56,19511895.94,18592577.95,21329307.5,21162727.33,19809792.49,22783685.77,20798368.93,23505506.56,21882526.75,26333275.22,27905113.63,29235588.66,27200720.54,26697377.92,28224419.03,24698580.64,26758383.0,27859257.0,30113138.0,30269685.0,30647365.0,33798303.0,38298300.0,42817728.0,49371490.0,52298799.0,53160735.0,42833500.0,54387501.0,50045770.0,51699948.0,53618288.0,52937911.0,53552457.0,52522177.0,52099507.0,47348714.0,51988478.0,51736432.0,0.0,
Instituto Brasileiro de Geografia e Estatística,Tonelada,0,brasil,3,Sudeste,35,São Paulo,3505,4888463.2700000005,6546352.37,6479495.2,7277332.66,8436755.59,10041519.540000001,9975717.88,9770490.89,12340521.23,12647800.77,11902015.39,10785307.7,12025317.62,11989364.85,11797884.44,12583696.52,13662382.75,15326026.39,15383750.92,17375642.23,17710800.7,19349786.38,19934117.27,20726039.6,21280408.38,19633737.01,19491984.0,20457423.0,22882212.0,24120539.0,24785411.0,23942678.0,27255268.0,32784296.0,32008536.0,32115972.0,35537994.0,32936757.0,33772418.0,30332747.0,30247159.0,34228293.0,36783658.0,32572778.0,32499012.0,33562642.0,32141792.0,33335103.0,35193061.0,0.0,
Instituto Brasileiro de Geografia e Estatística,Tonelada,0,brasil,3,Sudeste,35,São Paulo,3506,10170649.09,10760494.709999999,11207413.01,12143288.83,11677043.7,13560669.19,13673162.94,15700191.58,18909658.419999998,17506027.82,19371193.7,17684381.39,19538159.65,19308430.36,17406981.36,17886101.51,17725492.55,18461910.0,18395914.19,20259731.36,20275498.73,22394354.97,20412371.919999998,20635445.95,18814081.14,19746743.92,20523253.0,21446798.0,20961525.0,21544671.0,21787781.0,21764005.0,23446109.0,27023883.0,25053334.0,26090402.0,26536041.0,25252274.0,25271647.0,18699189.0,22607154.0,23883241.0,24084468.0,24379579.0,24310149.0,24585650.0,22587553.0,22650251.0,22852418.0,0.0,
Instituto Brasileiro de Geografia e Estatística,Tonelada,0,brasil,3,Sudeste,35,São Paulo,3507,5460376.67,5926143.01,6833399.8,7474145.2,7724055.53,8257252.37,8431386.23,8662606.26,9604879.15,11457917.44,11897007.120000001,12376498.31,13725512.06,13713348.74,13484108.25,13518730.63,13483232.12,14598462.98,12568286.2,14124949.36,15056896.709999999,15748151.28,16563998.61,17084030.75,18343460.8,16040125.1,15857782.0,18763017.0,19684631.0,20302539.0,20989971.0,22923967.0,23423260.0,24881831.0,23487831.0,21833447.0,24159836.0,24417280.0,25367618.0,22624275.0,23134437.0,22971421.0,23734813.0,21786337.0,21434892.0,21325529.0,20711456.0,21307203.0,21113041.0,0.0,
Instituto Brasileiro de Geografia e Estatística,Tonelada,0,brasil,3,Sudeste,35,São Paulo,3508,1040020.65,1101979.92,746482.43,792269.55,1033269.16,1602567.08,1658791.18,3821201.59,4774114.58,5097922.18,5608970.67,4995451.98,5204088.15,4565369.94,4619232.51,4820819.07,4627320.4,5049381.76,4177413.41,5114263.39,4730002.51,5972641.53,6357063.1,7116811.69,6851727.34,6218213.83,6063082.0,7848244.0,8430723.0,10470586.0,12088041.0,17705416.0,19155746.0,25580863.0,28478191.0,34270007.0,34917424.0,35493056.0,39011988.0,37621637.0,41280740.0,40666073.0,37884242.0,34459554.0,35690704.0,36972323.0,37949296.0,38519276.0,39506837.0,0.0,
Instituto Brasileiro de Geografia e Estatística,Tonelada,0,brasil,3,Sudeste,35,São Paulo,3509,634939.08,584604.18,658917.52,722131.85,860800.0700000001,1089279.66,1064534.43,1081133.99,1260307.8299999998,1041578.47,1670794.88,1126779.54,1303502.6,1205807.98,994423.08,1000219.89,874703.0,1020485.13,1024010.1799999999,923634.91,572604.85,829841.99,869737.5599999999,431790.31,395867.85,464420.72000000003,531324.0,805381.0,679751.0,908330.0,1312962.0,1560440.0,2397464.0,3550959.0,4832700.0,4393380.0,6357017.0,5298647.0,5942838.0,6596655.0,6823934.0,7677239.0,7698675.0,7021355.0,5477481.0,5943013.0,4998787.0,5726442.0,6038895.0,0.0,
Instituto Brasileiro de Geografia e Estatística,Tonelada,0,brasil,3,Sudeste,35,São Paulo,3510,2150205.06,3395714.24,3588475.9899999998,3848437.5300000003,3639956.67,4303360.46,4500956.3,7312662.08,9348468.6,9662407.8,10671640.07,10089035.98,12806403.31,13045330.93,11332587.93,10995059.59,11140200.63,13098513.39,12759743.65,13463498.05,14927845.76,15621017.27,16885594.17,16626196.22,15003362.64,15551717.51,17618840.0,17482415.0,18271609.0,18471220.0,19647646.0,24361226.0,24261054.0,29421244.0,28374659.0,29263526.0,28496385.0,28652576.0,29598445.0,29615312.0,31196473.0,29589705.0,29775114.0,28235481.0,28177396.0,28471226.0,26746096.0,29893752.0,31838424.0,0.0,
Instituto Brasileiro de Geografia e Estatística,Tonelada,0,brasil,3,Sudeste,35,São Paulo,3511,1328655.3900000001,1759610.95,1457608.61,1746250.4,1668529.83,1896071.3,1977174.45,2303519.77,2541248.06,2642824.36,2898103.58,2970873.83,3546376.18,4435429.35,3998297.38,4031935.33,4260934.1,3790827.16,3512288.37,3693003.11,3919076.36,3825796.15,3689230.15,4143824.6999999997,4265528.25,3999404.97,4104282.0,4256789.0,4418184.0,5122710.0,5516466.0,6461457.0,6893424.0,8720396.0,9059700.0,7944598.0,7730784.0,7620488.0,9310266.0,8625512.0,10369657.0,9945882.0,10360025.0,9506555.0,8252249.0,8784799.0,8618309.0,9195076.0,8852544.0,0.0,
Instituto Brasileiro de Geografia e Estatística,Tonelada,0,brasil,3,Sudeste,35,São Paulo,3512,1600361.9000000001,2276639.88,2050882.54,2362505.85,1552352.68,1712043.47,1761608.06,2083796.52,2358225.7399999998,2151263.65,2384691.2600000002,1902019.25,2123305.18,2134055.62,2168971.79,2185391.0500000003,2258972.93,2216093.87,1516943.75,2050375.24,2126452.42,1954567.46,1992751.41,2038031.81,1968265.38,1759077.81,2003744.0,2048511.0,2124486.0,1983284.0,2074850.0,2052418.0,2302342.0,2368931.0,2414813.0,2348788.0,2639883.0,2094937.0,2475118.0,1985840.0,2512273.0,2495845.0,2501895.0,2306568.0,2450601.0,2365263.0,2388167.0,2447328.0,2319093.0,0.0,
Instituto Brasileiro de Geografia e Estatística,Tonelada,0,brasil,3,Sudeste,35,São Paulo,3513,725802.32,722230.74,757137.44,632504.96,674108.78,717200.29,763557.61,822668.13,835910.06,748355.01,793690.55,809440.68,818310.91,388812.23,354104.08999999997,244447.16,373515.35,257880.9,232574.11,238763.23,247649.87,201780.21,249811.35,239947.57,213877.07,229128.16,241693.0,228305.0,222920.0,205403.0,208167.0,283484.0,204982.0,205327.0,162863.0,224938.0,203423.0,194196.0,387664.0,375122.0,371371.0,347102.0,380382.0,369553.0,352893.0,369985.0,370589.0,375418.0,308758.0,0.0,
Instituto Brasileiro de Geografia e Estatística,Tonelada,0,brasil,3,Sudeste,35,São Paulo,3514,288917.81,428740.64,439088.83,649648.31,456520.0,508980.64,535961.73,544837.75,480162.3,623074.66,652000.71,899626.26,939320.43,718748.95,892278.59,879256.25,986064.28,767432.41,779455.58,684095.65,664346.9,676509.2999999999,668545.62,734538.66,738653.18,659701.25,887870.0,917681.0,941749.0,845885.0,965111.0,956900.0,880017.0,979702.0,1055660.0,935956.0,1022985.0,979734.0,847630.0,821472.0,758490.0,867603.0,847838.0,841276.0,768832.0,756889.0,784648.0,783966.0,791345.0,0.0,
Instituto Brasileiro de Geografia e Estatística,Tonelada,0,brasil,3,Sudeste,35,São Paulo,3515,211469.78,224866.71,164303.59,177499.29,166520.96,199422.05,319340.33,163364.23,168676.59,165567.94,152592.08,147755.79,143095.24,85094.24,75947.99,59536.72,62739.27,58453.43,47043.89,59369.93,40948.71,9278.16,35881.08,35971.61,37446.99,69551.15,31289.0,18173.0,24222.0,22430.0,16462.0,17510.0,18518.0,18801.0,18814.0,16212.0,19571.0,14214.0,14621.0,14582.0,16490.0,15188.0,18023.0,15241.0,13238.0,14098.0,13437.0,15629.0,15085.0,0.0,
Instituto Brasileiro de Geografia e Estatística,Tonelada,0,brasil,4,Sul,41,Paraná,4101,1543892.6,1326141.22,1140745.38,926211.35,800565.74,943029.18,1334984.0,1289413.06,2573240.5,2196823.04,3083665.17,3017957.18,3731583.32,3418395.02,3221194.19,3315255.57,3367217.17,3628948.58,4267282.85,5692819.4,7266581.31,8410967.83,9492460.33,10087140.9,11096457.35,9409015.51,10927373.0,11978575.0,13880366.0,15231966.0,15199471.0,17572710.0,22532259.0,26918764.0,28005600.0,25475238.0,24341929.0,26026186.0,26539528.0,27928687.0,28313702.0,27728690.0,25608757.0,24948708.0,25571597.0,24907965.0,23362872.0,21243119.0,24743735.0,0.0,
Instituto Brasileiro de Geografia e Estatística,Tonelada,0,brasil,4,Sul,41,Paraná,4102,1138944.28,1429913.97,1460624.0,886215.45,1390602.21,1916602.88,1823771.9100000001,1673636.55,1877707.69,1858217.99,2819805.07,1843279.57,3476949.84,3181614.23,2708349.56,2405585.65,2495209.9,2803999.3,3296745.31,3280621.73,3632476.22,4008019.26,3954050.53,4223499.87,4250604.96,3492577.84,4674008.0,4181737.0,5223008.0,5014144.0,4526707.0,5306043.0,6259343.0,6610222.0,6902002.0,5818487.0,6071292.0,6109124.0,6300851.0,6888932.0,6875916.0,6305468.0,6708233.0,5750428.0,6361775.0,6598072.0,5359759.0,4424318.0,6570978.0,0.0,
Instituto Brasileiro de Geografia e Estatística,Tonelada,0,brasil,4,Sul,41,Paraná,4103,3670889.24,4212610.65,3731759.63,3098483.91,3552125.7,4565854.89,4399164.55,5458144.74,6909125.24,6163118.35,7433299.45,6777526.93,7673845.51,7417712.18,7341292.98,7238876.06,7140242.43,7494416.74,8088259.34,8979697.49,10411283.26,11648827.56,11986345.3,12828147.49,13035697.83,10749580.83,13991400.0,13556509.0,15823641.0,15401917.0,12808901.0,14254795.0,17705304.0,19685817.0,18527893.0,20315227.0,19153955.0,20513088.0,20421868.0,21135017.0,20757049.0,19356828.0,20602100.0,17306458.0,17787826.0,19721623.0,16370778.0,16576125.0,20912739.0,0.0,
Instituto Brasileiro de Geografia e Estatística,Tonelada,0,brasil,4,Sul,41,Paraná,4104,2303977.36,2503376.02,2397134.73,2169410.03,2653891.4,3166134.47,3302814.37,3763583.25,4210368.88,3721716.29,3969248.56,3727388.58,5226736.2,4834816.8,4937665.76,4353580.17,4846567.98,4956406.64,4839423.41,5279755.51,6657707.2,6974912.5,7322419.66,8448594.49,8728881.61,7356278.99,8872053.0,8489117.0,9865620.0,9227067.0,7678458.0,7898640.0,12397274.0,12887143.0,12404300.0,12321143.0,11467827.0,12055571.0,12937977.0,10113654.0,11471637.0,11551289.0,8895705.0,10739952.0,10850406.0,10253706.0,9741694.0,9531478.0,10097368.0,0.0,
Instituto Brasileiro de Geografia e Estatística,Tonelada,0,brasil,4,Sul,41,Paraná,4105,782921.34,807641.28,663467.48,609139.19,744136.36,748615.16,863360.25,1054358.37,916688.91,849993.08,963175.0,812224.64,1092466.43,1056730.29,1023181.4299999999,1041605.08,1042467.8,1354163.29,1370113.06,1530960.91,1681602.37,1779213.67,1706328.44,1746254.03,1768113.51,1928201.03,2402332.0,2268678.0,2712453.0,2613262.0,2512510.0,2624587.0,3090184.0,3500763.0,2824238.0,3487530.0,3596776.0,3525730.0,3821584.0,3510982.0,3687961.0,3292008.0,3789560.0,3220731.0,3218824.0,3644120.0,3384357.0,3616479.0,3757594.0,0.0,
Instituto Brasileiro de Geografia e Estatística,Tonelada,0,brasil,4,Sul,41,Paraná,4106,3317599.81,4076201.62,3662875.16,2441082.92,3305825.82,4403217.88,4070048.9699999997,3580052.28,3736811.03,3851647.25,4742863.01,3308907.06,4850411.64,4280496.86,4140574.01,3509049.83,3589767.49,3915951.62,4728263.35,4843554.64,4996274.34,5343931.73,4713115.33,5142269.84,5678536.1,4396705.01,6694345.0,6003149.0,7659887.0,5481505.0,5698900.0,5978825.0,8101816.0,7841660.0,6191593.0,8860660.0,7781785.0,7411546.0,9848318.0,9696620.0,9850740.0,9894006.0,9344580.0,8924753.0,8777739.0,8981438.0,6864545.0,6640907.0,9117324.0,0.0,
Instituto Brasileiro de Geografia e Estatística,Tonelada,0,brasil,4,Sul,41,Paraná,4107,1974536.65,1656400.81,1689511.83,912062.38,1242074.5,1545469.8,1777557.17,1627576.92,1522782.29,1852669.61,1958286.48,1808282.11,2326844.67,2074992.83,2101471.41,1983312.33,1423316.35,2414185.49,2388688.59,2437122.45,2605681.69,2403799.22,2374664.22,2284368.74,2171683.56,2477625.77,3006779.0,2699689.0,3256949.0,2866007.0,2185285.0,2154558.0,3342337.0,3273470.0,2442832.0,3370058.0,3331034.0,2253520.0,3342308.0,3102789.0,3184122.0,3169587.0,3329134.0,2903767.0,2810957.0,3552786.0,3051635.0,2440933.0,3619629.0,0.0,
Instituto Brasileiro de Geografia e Estatística,Tonelada,0,brasil,4,Sul,41,Paraná,4108,1111184.58,1365267.63,1217008.7,730664.78,946880.39,1298794.47,1279360.33,1086835.29,949417.0,1097283.1099999999,1262070.34,1277654.05,1444297.12,1488130.01,1456279.25,1414704.46,1191723.03,1579220.29,1760192.44,1851567.93,1856265.62,1945247.54,1976496.94,1987314.84,2050837.0,2169228.51,2807175.0,2853136.0,3424486.0,3104950.0,2495646.0,3075452.0,3121957.0,3375333.0,2853520.0,3231910.0,3289408.0,2996185.0,3508091.0,3604090.0,3300106.0,3471169.0,3853805.0,3590128.0,3692425.0,4244720.0,4155350.0,4222772.0,4860440.0,0.0,
Instituto Brasileiro de Geografia e Estatística,Tonelada,0,brasil,4,Sul,41,Paraná,4109,1148668.38,949308.85,733941.7,444961.37,498638.43,634264.03,638152.49,613116.62,518097.69,520514.72,562423.15,500723.83,699278.26,697456.4,716464.6799999999,694585.6,541226.22,818532.02,832945.58,1014646.46,981155.19,1123431.43,1259401.0,1205403.46,1364788.1,1522782.91,1839892.0,1920826.0,2183159.0,2011588.0,1685801.0,1798592.0,2028244.0,2259476.0,1873758.0,2072082.0,2234096.0,2172417.0,2339814.0,2365209.0,2291085.0,2316231.0,2554346.0,2362236.0,2340162.0,2675003.0,2601492.0,2419755.0,2662606.0,0.0,
Instituto Brasileiro de Geografia e Estatística,Tonelada,0,brasil,4,Sul,41,Paraná,4110,695964.55,1153945.2,783514.01,760383.51,709777.93,678855.72,711327.6,750692.75,602441.62,732705.07,740086.48,678614.49,955710.66,880336.1,818794.19,1004963.97,984168.36,1057688.15,1054114.95,1069101.05,1025050.9,1076353.7,984309.7,936151.05,959346.12,1143161.37,1218922.0,1198867.0,1524492.0,1499190.0,1530929.0,1821790.0,1793040.0,1915770.0,1652142.0,1897372.0,1911304.0,2039102.0,1940316.0,1815218.0,1821012.0,1711628.0,1893164.0,1908335.0,1851277.0,1935457.0,1976829.0,1964144.0,1910086.0,0.0,
Instituto Brasileiro de Geografia e Estatística,Tonelada,0,brasil,4,Sul,42,Santa Catarina,4201,3277143.51,3226958.73,3183667.56,2049532.82,2248429.21,3380494.14,3540574.25,3059030.9,2208532.84,2922329.44,2891639.6,2617003.28,3069974.28,2899794.42,3203627.83,3042850.23,1697712.46,3418615.17,3384262.36,3483907.72,3762377.31,2436002.97,2773321.04,2627766.1,2700253.61,3272677.64,3705917.0,2846955.0,4152857.0,3463251.0,2683571.0,3211202.0,4029362.0,4129832.0,3707737.0,3976037.0,3918984.0,2708449.0,3686018.0,3730811.0,3560264.0,3338338.0,3682316.0,3259231.0,3208605.0,3476798.0,2579948.0,2715630.0,3557117.0,0.0,
Instituto Brasileiro de Geografia e Estatística,Tonelada,0,brasil,4,Sul,42,Santa Catarina,4202,814887.56,850508.1900000001,756416.53,665962.3200000001,695208.36,935911.11,909796.34,801139.52,659749.93,744604.07,740552.1,736657.36,827140.3200000001,844701.88,883396.28,981426.32,913216.29,1144802.6300000001,1182334.25,1257253.82,1096719.18,765196.83,929689.82,900577.11,1008078.75,1134892.48,1266679.0,1312684.0,1418656.0,1340239.0,1384268.0,1306782.0,1599082.0,2103748.0,1921532.0,2137185.0,1746356.0,1737034.0,1730295.0,1700393.0,1695895.0,1628898.0,1714312.0,1535641.0,1538057.0,1536198.0,1578914.0,1595508.0,1713371.0,0.0,
Instituto Brasileiro de Geografia e Estatística,Tonelada,0,brasil,4,Sul,42,Santa Catarina,4203,254195.64,295393.88,295444.86,217154.41999999998,204653.04,318226.91000000003,349676.0,271618.0,188711.0,316704.0,269562.0,231153.0,312021.0,340508.0,365029.0,393416.0,175450.0,450958.0,443564.0,436230.0,446921.0,415939.83999999997,473767.47,503709.7,530204.59,610171.94,687435.0,666698.0,735159.0,527098.0,515078.0,562937.0,875190.0,929858.0,873426.0,976914.0,1013178.0,913329.0,1002541.0,1035833.0,1162048.0,1195223.0,1330937.0,1218575.0,1310397.0,973973.0,1315440.0,1197474.0,1365242.0,0.0,
Instituto Brasileiro de Geografia e Estatística,Tonelada,0,brasil,4,Sul,42,Santa Catarina,4204,1297250.38,1192531.22,1163546.21,1298418.06,1198807.29,1308896.77,1356045.86,1388644.53,1158546.77,1286487.6099999999,1310393.11,1321395.9,1413417.69,1503576.8,1425142.69,1496123.19,1269025.83,1466803.1,1454791.18,1325453.66,1018150.22,735538.5,864913.64,952550.88,1031182.37,1175107.43,1259389.0,1242279.0,1243169.0,1241659.0,1114818.0,1109881.0,1244553.0,1107202.0,1063619.0,1148172.0,1053744.0,1126630.0,1208897.0,1113354.0,1134326.0,1183716.0,1189269.0,1134463.0,1150949.0,1086132.0,1174778.0,1190440.0,1062673.0,0.0,
Instituto Brasileiro de Geografia e Estatística,Tonelada,0,brasil,4,Sul,42,Santa Catarina,4205,532547.3,462879.39,436352.21,419008.75,542112.73,561954.59,689062.52,656090.62,481555.6,661578.01,715360.52,706300.92,758109.0599999999,713605.47,739569.88,711297.7000000001,586813.85,659982.3,617628.41,662626.66,504415.62,204173.43,383701.5,346574.93,354904.79,402370.83999999997,395196.0,396066.0,414617.0,444051.0,445936.0,450662.0,456590.0,391797.0,403336.0,375134.0,342259.0,321016.0,363217.0,347300.0,298452.0,292016.0,299953.0,268227.0,259313.0,255514.0,259437.0,272921.0,261996.0,0.0,
Instituto Brasileiro de Geografia e Estatística,Tonelada,0,brasil,4,Sul,42,Santa Catarina,4206,1099547.08,967159.86,845029.11,818510.09,839835.55,896974.61,955981.73,910013.6,793513.75,952381.1799999999,1069488.82,1142635.09,1150024.64,1133559.55,1175728.15,1115941.12,1154174.9,1068657.02,1036873.05,1026840.22,1138223.21,850694.29,943524.27,992777.17,1114159.9,1154415.79,1230913.0,1271836.0,1325233.0,1248744.0,1327167.0,1319575.0,1306163.0,1375793.0,1372532.0,1252590.0,1224979.0,1237460.0,1199150.0,1241201.0,1115313.0,1065881.0,1211872.0,1167857.0,1158702.0,1288229.0,1301049.0,1307935.0,1282091.0,0.0,
Instituto Brasileiro de Geografia e Estatística,Tonelada,0,brasil,4,Sul,43,Rio Grande do Sul,4301,8204494.15,8951317.59,8316710.0,7014794.16,5969260.85,7998643.64,9169099.23,6836056.34,8029266.64,8245136.14,8781192.85,6890615.55,9674289.83,7423990.29,10416196.76,10184062.55,4988669.01,11204457.8,10816409.04,10253956.47,10881997.58,7779226.51,8869475.93,10096101.26,7657038.05,8734949.63,12141113.0,8935290.0,14148468.0,9423512.0,4937112.0,10596537.0,14148974.0,11995606.0,10996333.0,14686030.0,16017816.0,8286348.0,15190322.0,13621942.0,14990457.0,16112840.0,16675845.0,16055245.0,17286913.0,12225323.0,16834628.0,10473825.0,11116666.0,0.0,
Instituto Brasileiro de Geografia e Estatística,Tonelada,0,brasil,4,Sul,43,Rio Grande do Sul,4302,1155896.16,1201638.47,1088183.6,1049313.47,1006636.39,988052.56,1033961.71,934406.45,901615.0700000001,986159.53,1197462.82,957623.96,1131802.55,1126111.23,1228446.92,1345001.44,784692.66,1326390.1,1284802.16,1257599.24,1359501.94,961210.96,1248522.24,1328543.98,1401130.32,1611833.03,1807095.0,1780486.0,2061196.0,1903677.0,1352045.0,2298725.0,2603536.0,2589598.0,2524680.0,2792357.0,2955865.0,2364992.0,2967919.0,2932682.0,3306840.0,2875988.0,3672895.0,3149690.0,3272200.0,2698653.0,3679143.0,2506435.0,3344875.0,0.0,
Instituto Brasileiro de Geografia e Estatística,Tonelada,0,brasil,4,Sul,43,Rio Grande do Sul,4303,1045544.25,1146461.64,881989.13,1006691.93,797338.78,1063934.99,1176335.43,1050399.33,999679.0700000001,1059845.56,1157331.21,782146.35,1214095.78,1081693.45,1298578.9,1353034.4,1017393.83,1382238.47,1489856.78,1321592.35,1494437.62,1095476.56,1280882.42,1313858.81,1482391.32,1413777.17,1790801.0,1772532.0,2271576.0,1829899.0,1460726.0,2293166.0,2708176.0,2607988.0,2586444.0,2409099.0,3115543.0,2031324.0,3267490.0,3272193.0,3443964.0,3254032.0,3768022.0,3599422.0,3618021.0,2523423.0,4240462.0,2272816.0,2456610.0,0.0,
Instituto Brasileiro de Geografia e Estatística,Tonelada,0,brasil,4,Sul,43,Rio Grande do Sul,4304,1691722.83,1799306.95,1597302.03,1601558.47,1510261.48,1455842.27,1488359.23,1361353.0,1410178.85,1646919.54,1701962.69,1108802.35,1739650.17,1405460.16,1678870.23,1638300.54,1203057.45,1584944.01,1647140.22,1554311.5,1592124.26,1083192.96,1285839.45,1430483.71,1491274.22,1525920.3800000001,1630888.0,1687115.0,1778964.0,1516484.0,1229567.0,1696677.0,2008366.0,2081591.0,2060335.0,1823697.0,2335586.0,1738083.0,2475506.0,2483674.0,2578416.0,2416724.0,2625734.0,2329842.0,2316818.0,1418463.0,2431924.0,1828529.0,1644920.0,0.0,
Instituto Brasileiro de Geografia e Estatística,Tonelada,0,brasil,4,Sul,43,Rio Grande do Sul,4305,2686892.38,2715090.2,2394871.78,2286976.12,2227669.0,2015890.87,2150273.18,2029201.1400000001,2072899.39,2207985.39,2360258.78,2251488.98,2331940.4,2056167.1099999999,1981704.01,1819610.22,1662774.49,1786703.77,2016609.45,1994060.73,2099321.39,1683602.71,1742842.83,1713867.47,1927346.55,1849235.9,1854830.0,1991488.0,2030568.0,2265400.0,2091267.0,2335753.0,2502161.0,2514032.0,2691748.0,2574944.0,2758985.0,2804593.0,2976529.0,2992694.0,3012917.0,2892097.0,3178324.0,2846948.0,2915550.0,2504312.0,3249679.0,3207351.0,3044114.0,0.0,
Instituto Brasileiro de Geografia e Estatística,Tonelada,0,brasil,4,Sul,43,Rio Grande do Sul,4306,1729521.25,1990671.5,1266893.06,1497432.85,1258686.6199999999,1643027.13,1568136.84,1432540.6400000001,1364762.96,1758763.1,1764171.36,1505817.03,1806507.24,1909536.7,1616014.74,1474734.76,1643351.83,2244811.83,2343258.93,1954831.93,2370271.61,2007623.07,1901609.92,1780493.52,2827357.65,2242114.41,2834102.0,2934853.0,2704556.0,3315890.0,2999533.0,3697751.0,3389670.0,3697155.0,3847516.0,3624330.0,4830054.0,3957142.0,4917905.0,4984261.0,5509087.0,4758654.0,5878451.0,5663890.0,4952662.0,4989420.0,6361984.0,4906655.0,5188194.0,0.0,
Instituto Brasileiro de Geografia e Estatística,Tonelada,0,brasil,4,Sul,43,Rio Grande do Sul,4307,1757122.35,1787913.53,1311048.26,1224979.87,1090456.53,1283303.61,1389045.87,1283431.11,1236042.39,1315365.9,1378582.05,1182827.03,1340648.25,1262254.68,1540969.43,1332881.21,1410752.59,1779948.3599999999,1717813.66,1717400.79,1783594.3,1217603.59,1465343.6099999999,1360784.77,1700982.3,1536383.97,1719953.0,1547020.0,1514505.0,1645639.0,1460116.0,1514407.0,1846051.0,1884012.0,2115019.0,2057990.0,2506270.0,2123047.0,2605089.0,2785373.0,3018833.0,2558928.0,3470516.0,2671166.0,3145811.0,2406242.0,3902020.0,3464262.0,3191912.0,0.0,
Instituto Brasileiro de Geografia e Estatística,Tonelada,0,brasil,5,Centro-Oeste,50,Mato Grosso do Sul,5001,112579.4,163415.38,168574.78,145901.72,141086.16999999998,120220.54000000001,116450.38,87316.61,88217.15,79671.93,75361.93,91126.65,108436.16,128589.16,162395.88,134104.61,114044.83,135360.57,112534.51,122596.14,111632.62,118907.93,112319.93,67814.64,115049.09,111947.26000000001,232756.0,124993.0,160849.0,147131.0,126249.0,137398.0,125536.0,138627.0,89850.0,83119.0,93559.0,104647.0,147080.0,158701.0,177433.0,192835.0,229251.0,235469.0,193469.0,282646.0,248262.0,328355.0,379274.0,0.0,
Instituto Brasileiro de Geografia e Estatística,Tonelada,0,brasil,5,Centro-Oeste,50,Mato Grosso do Sul,5002,725850.65,1085599.28,824166.82,526876.44,670875.7,972348.4,1018857.49,1437142.67,1405892.8599999999,1856390.45,2120144.09,2135012.3,1886486.79,2007638.72,2086351.3,1647104.04,1735417.94,1730795.79,1809131.73,1732571.22,1922116.46,1953257.62,2056293.67,2320036.6,2425749.09,2485418.67,2914468.0,2767203.0,2775638.0,3195134.0,2604473.0,2910552.0,3488470.0,3921532.0,3817069.0,4929326.0,4022108.0,5062557.0,4723418.0,5122566.0,5551204.0,4967945.0,5880279.0,5480904.0,6478697.0,6818658.0,6037893.0,7542459.0,8961734.0,0.0,
Instituto Brasileiro de Geografia e Estatística,Tonelada,0,brasil,5,Centro-Oeste,50,Mato Grosso do Sul,5003,363599.92,517637.31,330712.41,265474.78,255452.68,286799.48,545473.03,665520.69,1056916.55,1302226.64,1726742.5,1654328.3599999999,2061777.26,1852012.94,1842067.4,1898334.23,1929521.92,1815487.2,1832841.6099999999,1984513.24,2206261.4699999997,2544443.5300000003,2584328.65,2669553.11,2779036.17,2070785.47,2691200.0,3170560.0,3712565.0,3661507.0,3363154.0,4213839.0,4566980.0,5348742.0,6728058.0,8173588.0,8153271.0,9077192.0,11428870.0,12423138.0,13075847.0,13335569.0,13083317.0,13707554.0,15307639.0,15904015.0,15836519.0,13982451.0,17435188.0,0.0,
Instituto Brasileiro de Geografia e Estatística,Tonelada,0,brasil,5,Centro-Oeste,50,Mato Grosso do Sul,5004,1456653.86,1625547.85,1592932.8900000001,1231084.98,1440697.1,1826889.62,1782573.51,1943823.76,2396270.24,2695052.39,3368173.65,3692236.4899999998,4740252.62,4553099.41,4759142.65,4072909.98,4008178.98,3828984.54,4331230.48,4451060.18,5300905.41,5255354.05,5694934.53,6254126.78,7428743.55,5660559.16,8051388.0,8248493.0,10513330.0,9231466.0,9393654.0,12054054.0,16251073.0,20903122.0,21445206.0,31334049.0,32199131.0,35411467.0,40340927.0,41982592.0,43350490.0,47769440.0,47574121.0,48576609.0,49912072.0,47634527.0,43952754.0,41475376.0,54070793.0,0.0,
Instituto Brasileiro de Geografia e Estatística,Tonelada,0,brasil,5,Centro-Oeste,51,Mato Grosso,5101,94664.55,139216.97,169305.1,185471.25,173424.86,276135.8,438700.98,532124.89,570575.39,808885.06,1071659.07,1495064.07,2109517.21,2457650.9699999997,3126760.98,2218810.3,2442143.69,3613782.09,3899072.25,5227740.33,5754476.5,5446376.41,6901064.66,7220122.05,8611460.67,9207882.62,10260969.0,12176892.0,14808520.0,16727612.0,19273294.0,17228122.0,18583084.0,21781506.0,22091321.0,22359927.0,23073214.0,29267258.0,34725738.0,33613599.0,36591665.0,32247946.0,46053005.0,44411234.0,50485200.0,51629875.0,49041723.0,55664485.0,66471912.0,0.0,
Instituto Brasileiro de Geografia e Estatística,Tonelada,0,brasil,5,Centro-Oeste,51,Mato Grosso,5102,170625.18,283602.14999999997,242877.97999999998,260059.06999999998,318267.57999999996,347071.41000000003,187356.99,259258.0,351520.94,269172.38,375223.48,522327.06,713381.2,759387.58,1051720.63,697360.63,625144.25,876131.47,862251.88,1209853.56,1170025.7,924749.02,1203363.03,1298753.3599999999,1277989.31,1511542.7999999998,1570759.0,1748443.0,1855350.0,2356865.0,2897542.0,2422550.0,2523549.0,2900710.0,2793405.0,3063272.0,3605643.0,4847597.0,5759594.0,7317515.0,7997139.0,6403429.0,9565538.0,9574016.0,10436090.0,11615833.0,12232685.0,12618516.0,17520331.0,0.0,
Instituto Brasileiro de Geografia e Estatística,Tonelada,0,brasil,5,Centro-Oeste,51,Mato Grosso,5103,167399.31,163637.28999999998,220006.56,252956.32,249714.73,232401.66,321259.32,370685.4,409000.93,802558.86,1162631.1400000001,1449960.37,1486551.3599999999,1413597.3,1807465.49,2039328.4200000002,1910083.43,2127701.55,2428809.95,3054473.38,4069349.0,4984008.11,5993182.26,5932259.33,6267572.16,5353061.99,7080784.0,7814583.0,9052443.0,8763910.0,7636486.0,8560419.0,9855606.0,10571575.0,10186391.0,9443368.0,8928920.0,10256238.0,11708760.0,9571308.0,10716952.0,10075638.0,10580473.0,11404499.0,13035319.0,13149372.0,12500046.0,11002533.0,13119650.0,0.0,
Instituto Brasileiro de Geografia e Estatística,Tonelada,0,brasil,5,Centro-Oeste,51,Mato Grosso,5104,544201.31,719112.6,621390.76,596366.14,568061.34,671056.6,526146.76,555661.3,510746.56,572456.9299999999,728815.49,887426.79,963150.21,929921.88,882731.97,860637.92,662138.66,617297.39,509086.28,368474.95,667593.94,875293.27,935551.47,813195.94,767989.0800000001,731937.89,910634.0,1195714.0,1263707.0,1210375.0,1101328.0,934695.0,773839.0,899814.0,1041144.0,926593.0,716614.0,1064909.0,1461392.0,1340050.0,1724710.0,1371437.0,1510889.0,1604074.0,1624419.0,1714167.0,1650978.0,1746956.0,1852284.0,0.0,
Instituto Brasileiro de Geografia e Estatística,Tonelada,0,brasil,5,Centro-Oeste,51,Mato Grosso,5105,496456.3,977852.76,803796.22,748805.1,754703.12,800704.71,742720.78,1046314.32,1287402.87,1377527.16,1675818.76,1620641.3,1967556.4,1913310.5899999999,2232725.8,2193600.0,2228879.35,2615328.5300000003,2972544.08,3368774.01,3424101.92,3881366.24,4002215.01,4237989.8,4299156.87,4385494.96,4367748.0,5427764.0,5616487.0,6043796.0,5883695.0,5638071.0,6075064.0,6726242.0,7833449.0,7123529.0,7580208.0,10284858.0,10831872.0,13079339.0,13564140.0,11841376.0,13315337.0,12435436.0,12595117.0,12495440.0,12406515.0,13657517.0,15752332.0,0.0,
Instituto Brasileiro de Geografia e Estatística,Tonelada,0,brasil,5,Centro-Oeste,52,Goiás,5201,223201.19,306721.17,146196.85,145855.3,198546.38,229815.39,178412.74,258296.38,225888.13,179175.24,240493.16,287415.58,373593.31,339703.09,301820.88,131986.51,184215.73,187602.23,125108.07,139727.67,140359.76,144094.23,132311.73,125393.63,165763.11,200841.2,151297.0,130992.0,182944.0,248363.0,254261.0,244213.0,196866.0,220987.0,197886.0,259203.0,412099.0,649829.0,608827.0,765234.0,695893.0,600137.0,731088.0,815247.0,939366.0,1075669.0,1095235.0,1343332.0,1660589.0,0.0,
Instituto Brasileiro de Geografia e Estatística,Tonelada,0,brasil,5,Centro-Oeste,52,Goiás,5202,249168.2,277256.6,184117.49,197081.09,244727.11,289109.23,207159.72,357920.76,295682.39,410330.32,506158.95,520936.21,565533.5700000001,493943.89,423000.04,236029.47999999998,253462.32,218287.42,196130.88,246528.16999999998,239118.7,180081.68,201368.3,256738.77,305320.18,322107.92,267466.0,302240.0,321168.0,366136.0,427522.0,467000.0,487786.0,623996.0,630750.0,626876.0,770699.0,811811.0,986811.0,1124827.0,1227420.0,1096218.0,1319267.0,1345255.0,1491000.0,1657350.0,1646961.0,2020491.0,2161427.0,0.0,
Instituto Brasileiro de Geografia e Estatística,Tonelada,0,brasil,5,Centro-Oeste,52,Goiás,5203,1319871.76,1844821.98,1122587.16,1199042.82,1325091.93,1372836.72,1333222.8,1843757.58,2537552.12,2774727.96,3182706.94,3909845.38,3892869.34,3302300.88,3440572.67,3428374.07,3641212.25,3385294.2600000002,3404731.11,3465234.85,3557427.37,3930182.54,4049233.35,4548488.6,4116048.55,4262311.01,4312129.0,4995838.0,6310754.0,7232929.0,8208647.0,8008948.0,9902100.0,10789320.0,10667852.0,9785555.0,11988030.0,12365373.0,12009032.0,10832133.0,10944279.0,11323597.0,10090924.0,10155020.0,11367252.0,11333145.0,11322283.0,11418370.0,14287177.0,0.0,
Instituto Brasileiro de Geografia e Estatística,Tonelada,0,brasil,5,Centro-Oeste,52,Goiás,5204,235795.3,288252.74,225548.51,358288.1,454706.59,505081.71,654705.08,592703.02,667916.22,825498.99,1046589.86,1145586.58,1346664.25,1459405.86,1484331.79,916783.25,1331641.14,1233053.46,873624.18,1003365.61,944616.44,1020235.65,1408947.71,1337586.1,1532201.79,1633958.93,1614972.0,2048500.0,2190344.0,2127109.0,2497291.0,3436333.0,3296070.0,3921549.0,4521015.0,4967675.0,6175335.0,6843129.0,6562971.0,7144366.0,7004470.0,6131511.0,6897571.0,6095801.0,6575680.0,7217518.0,7139384.0,7344780.0,8020253.0,0.0,
Instituto Brasileiro de Geografia e Estatística,Tonelada,0,brasil,5,Centro-Oeste,52,Goiás,5205,2016612.52,2516466.07,1819342.05,1393236.28,2535135.02,2822737.19,2284279.12,2825968.23,3674887.69,4381679.68,5203733.22,5864295.66,6958849.92,6442091.86,7881376.22,6490762.07,7635395.29,8079726.61,8293127.93,9876092.25,9780063.37,9770224.36,10165726.5,11204966.41,12076287.53,13275183.2,13891571.0,15158666.0,16131705.0,15875689.0,16360782.0,18482289.0,20918734.0,31996997.0,42427262.0,47316391.0,52015407.0,57138006.0,68423990.0,70682032.0,72591730.0,70327352.0,76468436.0,80579981.0,80664885.0,82483637.0,77721709.0,79789322.0,90159401.0,0.0,
Instituto Brasileiro de Geografia e Estatística,Tonelada,0,brasil,5,Centro-Oeste,53,Distrito Federal,5301,32187.0,31258.6,29267.190000000002,55958.08,52397.07,69837.1,81100.22,95107.53,109204.37,117506.55,159141.01,161679.37,201899.16,221057.12,245979.46,189052.41999999998,261942.14,238812.88,214165.4,252062.26,264248.2,250147.68,319618.26,290477.99,305123.03,339242.95999999996,291047.0,354699.0,404957.0,418766.0,542082.0,512158.0,553757.0,644699.0,659392.0,615835.0,691244.0,768879.0,738309.0,1085228.0,862379.0,643731.0,871338.0,779708.0,892875.0,926104.0,765549.0,782945.0,766082.0,0.0,
