nome,fonte,unidade,codigo_brasil,brasil,codigo_regiao,regiao,codigo_estado,estado,ano_1974,ano_1975,ano_1976,ano_1977,ano_1978,ano_1979,ano_1980,ano_1981,ano_1982,ano_1983,ano_1984,ano_1985,ano_1986,ano_1987,ano_1988,ano_1989,ano_1990,ano_1991,ano_1992,ano_1993,ano_1994,ano_1995,ano_1996,ano_1997,ano_1998,ano_1999,ano_2000,ano_2001,ano_2002,ano_2003,ano_2004,ano_2005,ano_2006,ano_2007,ano_2008,ano_2009,ano_2010,ano_2011,ano_2012,ano_2013,ano_2014,ano_2015,ano_2016,ano_2017,ano_2018,ano_2019,ano_2020,ano_2021,ano_2022,ano_2023
Efetivo - Bovinos - quantidade,Instituto Brasileiro de Geografia e Estatística,Cabeca,0,brasil,1,Norte,12,Acre,99820,119342,134547,151606,166320,185993,298036,352755,426684,467384,514653,349150,347885,356446,386995,393925,400085,404434,409172,445243,464523,471434,853264,862534,906881,929999,1033311,1672598,1817467,1874804,2062690,2313185,2452915,2315798,2425687,2511285,2578460,2549497,2634467,2697489,2799673,2916207,2998969,2895028,3303633,3509682,3802112,4047283,4635381,4908956
Efetivo - Bovinos - quantidade,Instituto Brasileiro de Geografia e Estatística,Cabeca,0,brasil,2,Nordeste,27,Alagoas,596109,633330,670113,672780,684183,732174,833063,857332,884320,781465,879607,843888,775412,760248,805100,857581,890998,961066,959420,801582,822387,834347,839482,956013,899744,815472,778750,843240,816067,825121,893922,985422,1029352,1112125,1162005,1193021,1219578,1268304,1221266,1251723,1253121,1255696,1189985,1208404,1247619,1233394,1290414,1321236,1335493,1437589
Efetivo - Bovinos - quantidade,Instituto Brasileiro de Geografia e Estatística,Cabeca,0,brasil,1,Norte,16,Amapá,88287,63798,64679,65766,66270,61200,52210,53135,48140,49410,51880,48370,51953,70271,74679,75768,69619,70875,61656,73108,86221,93349,63648,65953,74508,76734,82822,87197,83901,81674,82243,96599,109081,103170,95803,104977,114773,127499,142825,154967,167529,89682,76379,66921,55422,54296,54684,52768,53691,54842
Efetivo - Bovinos - quantidade,Instituto Brasileiro de Geografia e Estatística,Cabeca,0,brasil,1,Norte,13,Amazonas,317808,198768,203742,208410,228201,239662,350003,361096,390965,421538,473216,427504,431939,478424,609477,628256,637299,647714,639811,688592,746638,805804,733910,770805,809302,826025,843254,863736,894856,1121009,1156723,1197171,1243358,1208652,1312352,1350816,1360800,1439597,1445739,1470537,1405208,1293325,1315821,1343574,1376210,1455842,1437809,1496165,2029011,2377089
Efetivo - Bovinos - quantidade,Instituto Brasileiro de Geografia e Estatística,Cabeca,0,brasil,2,Nordeste,29,Bahia,6482389,8284595,8895288,8985975,9046244,9125284,9089526,9307798,9349577,9427277,9747695,10255844,10106172,10287696,10758597,11245307,11505420,11808105,12160075,10022150,9876739,9841237,9838136,9949599,9168482,9170680,9556752,9855828,9856290,10146529,10466163,10463098,10764857,11385723,11099880,10230469,10528419,10667903,10250975,10828409,10824134,10758372,10363291,10037814,9923931,10214863,9748632,11755096,12526243,13290719
Efetivo - Bovinos - quantidade,Instituto Brasileiro de Geografia e Estatística,Cabeca,0,brasil,2,Nordeste,23,Ceará,2041562,1984295,2018602,2045580,2093824,2183615,2433952,2420263,2425187,1930080,2137524,2499907,2605243,2574111,2625709,2674918,2621144,2624901,2601795,2097531,2185560,2266278,2400457,2410956,2114079,2167525,2205954,2194489,2230159,2254262,2269567,2299233,2352589,2424290,2460523,2494482,2546134,2614604,2714713,2591067,2597139,2516197,2426408,2287400,2403371,2479289,2552916,2607005,2681690,2772173
Efetivo - Bovinos - quantidade,Instituto Brasileiro de Geografia e Estatística,Cabeca,0,brasil,5,Centro-Oeste,53,Distrito Federal,41500,40165,42304,45646,50925,53980,65847,71488,80216,81250,80780,76389,84320,89597,103443,107069,105550,101651,107099,123569,124419,123110,115000,123306,110058,110157,112139,113362,113400,112580,114680,102320,98740,101590,80000,102000,100600,98000,100069,101452,100056,96576,96265,93141,90199,84425,84225,85771,85544,83061
Efetivo - Bovinos - quantidade,Instituto Brasileiro de Geografia e Estatística,Cabeca,0,brasil,3,Sudeste,32,Espírito Santo,1683462,2126102,2254886,2281689,2200293,2026529,1870306,1884173,1845382,1799924,1759889,1705512,1727062,1664627,1696617,1697217,1664773,1765967,1829137,1934782,1918910,1968311,1816047,1935672,1938100,1881831,1825283,1664993,1682827,1805299,1925596,2026690,2119309,2142342,2120017,2187235,2195406,2223262,2285345,2313445,2295624,2223531,2044771,1937604,1976903,2006027,2106299,2213129,2231036,2179082
Efetivo - Bovinos - quantidade,Instituto Brasileiro de Geografia e Estatística,Cabeca,0,brasil,5,Centro-Oeste,52,Goiás,8970253,10704168,11509830,11636214,11766784,12324779,13366845,13908536,14140902,15218760,16291145,15913990,15255665,16012235,16563745,17095470,17635390,18574234,18147923,18580908,18397064,18492318,16954667,17182332,18118412,18297357,18399222,19132372,20101893,20178516,20419803,20726586,20646560,20471490,20466360,20874943,21347881,21744650,22045776,21580398,21538072,21887720,22919070,22835005,22651910,22823401,23626608,24293954,24410182,23729878
Efetivo - Bovinos - quantidade,Instituto Brasileiro de Geografia e Estatística,Cabeca,0,brasil,2,Nordeste,21,Maranhão,1721854,1782518,1829081,1901089,2007977,2209114,2835869,2906004,3054555,3129495,3307910,3278340,3428806,3550917,3673815,3813651,3900158,3948710,3930893,4019776,4101939,4162059,3935754,3905311,3936949,3966430,4093563,4483209,4776278,5514167,5928131,6448948,6613270,6609438,6816338,6885265,6979844,7264106,7490942,7611324,7758352,7643128,7653870,7687695,7793180,8008643,8323445,8561509,9428128,10128610
Efetivo - Bovinos - quantidade,Instituto Brasileiro de Geografia e Estatística,Cabeca,0,brasil,5,Centro-Oeste,51,Mato Grosso,2934168,3105707,3430988,3582371,3888131,4222527,5249317,5496896,5967282,6365102,6787575,6507632,6859161,7407377,7850069,8473929,9041258,9890510,10138376,11681559,12653943,14153541,15573094,16337986,16751508,17242935,18924532,19921615,22183695,24613718,25918998,26651500,26064332,25683031,26018216,27357089,28757438,29265718,28740802,28395205,28592183,29364042,30296096,29725378,30199598,31973856,32702525,32424958,34246313,33994004
Efetivo - Bovinos - quantidade,Instituto Brasileiro de Geografia e Estatística,Cabeca,0,brasil,5,Centro-Oeste,50,Mato Grosso do Sul,8939401,8836265,9267967,9303146,9375241,10020281,11904494,12942869,13190347,13472519,13882717,14991356,15986846,16496082,16976555,17732406,19163736,19542644,20394609,21800445,22244427,22292330,20755727,20982933,21421567,21576384,22205408,22619950,23168235,24983821,24715372,24504098,23726290,21832001,22365219,22325663,22354077,21553851,21498382,21047274,21003830,21357398,21800990,21474693,20896700,19407908,19027086,18608503,18433728,18891916
Efetivo - Bovinos - quantidade,Instituto Brasileiro de Geografia e Estatística,Cabeca,0,brasil,3,Sudeste,31,Minas Gerais,17077395,20429152,21144370,20478527,19855251,19680123,19614547,19710091,19839646,20059354,19901557,19847770,20032843,20190278,20291830,20355119,20471639,20764329,21066183,21034400,20707367,20146402,20148086,20377742,20501132,20082067,19975271,20218911,20558937,20852227,21622779,21403680,22203154,22575194,22369639,22469791,22698120,23907915,23965914,24201256,23707042,23768959,23637803,21971713,21810311,22020979,22165606,22856143,22993105,22498415
Efetivo - Bovinos - quantidade,Instituto Brasileiro de Geografia e Estatística,Cabeca,0,brasil,4,Sul,41,Paraná,5640628,6605310,6966555,6699544,6455816,6547526,7915140,8050488,7938760,7964042,7934294,8046780,8563315,8582536,8472318,8603778,8616783,8541933,8498877,8606629,8911986,9389200,9879889,9896554,9766594,9472808,9645866,9816547,10048172,10258535,10278148,10153375,9764545,9494843,9585600,9562113,9411380,9475676,9413937,9395313,9181577,9314908,9487999,9370139,9275271,8972546,8584939,8084187,7951680,8774410
Efetivo - Bovinos - quantidade,Instituto Brasileiro de Geografia e Estatística,Cabeca,0,brasil,2,Nordeste,25,Paraíba,1036212,1177475,1235653,1329537,1345173,1330304,1317783,1295745,1225864,1055894,1128276,1240627,1431583,1397079,1409825,1458629,1345361,1315144,1319682,858853,974670,1053737,1304730,1303010,928508,886349,952779,918262,951698,950865,1000199,1052613,1092792,1139322,1202363,1236276,1242579,1354268,967067,1048824,1145943,1170803,1187981,1202781,1240004,1293769,1344094,1371007,1371566,1412480
Efetivo - Bovinos - quantidade,Instituto Brasileiro de Geografia e Estatística,Cabeca,0,brasil,1,Norte,15,Pará,1377655,1430055,1518544,1638422,1737234,1864464,2411115,2810252,3198599,3588394,3933128,3378894,4036502,4580572,5365316,5870005,6182090,6626179,6989688,7434835,7539452,8058029,6751480,7539154,8337181,8862649,10271409,11046992,12190597,13376606,17430496,18063669,17501678,15353989,16240697,16856561,17633339,18262547,18605051,19165028,19911217,20271618,20476783,20585367,20628651,20953429,22267207,23921005,24791060,25040621
Efetivo - Bovinos - quantidade,Instituto Brasileiro de Geografia e Estatística,Cabeca,0,brasil,2,Nordeste,26,Pernambuco,1439283,1511814,1586375,1577761,1658236,1678347,1857891,1876150,1820185,1473108,1557887,1758259,1827720,1862124,1902424,1965914,1966191,1952170,1923315,1271114,1348969,1362064,1953629,1681823,1470370,1420449,1515712,1672634,1754362,1701655,1705401,1909468,2095184,2219892,2249788,2297366,2383268,2502156,1895642,1823230,1920075,1948357,1895185,1804876,1862181,1937165,1876961,2173313,2280130,2456213
Efetivo - Bovinos - quantidade,Instituto Brasileiro de Geografia e Estatística,Cabeca,0,brasil,2,Nordeste,22,Piauí,1467902,1379634,1396387,1424446,1468925,1537037,1595136,1629785,1667681,1531687,1588631,1600761,1658658,1729326,1812058,1895428,1974099,2045737,2029052,1982460,2053618,2135286,1729595,1736997,1750936,1756268,1779456,1791817,1804477,1818221,1830613,1826833,1838378,1736520,1750910,1682111,1679957,1688024,1689926,1666107,1660099,1649549,1639856,1625006,1464196,1447817,1431540,1421095,1407772,1384189
Efetivo - Bovinos - quantidade,Instituto Brasileiro de Geografia e Estatística,Cabeca,0,brasil,2,Nordeste,24,Rio Grande do Norte,731275,753352,779090,786754,809666,781535,906178,865441,803414,628798,681923,760033,953069,983626,1005415,1038356,956459,966260,929910,565975,646037,722058,934740,941048,793361,754965,803948,788314,839402,885400,942670,978494,1027289,1010238,1029240,1150028,1064575,1047797,858211,914777,972816,918952,840847,870000,863284,929451,988134,1015835,1059926,1173351
Efetivo - Bovinos - quantidade,Instituto Brasileiro de Geografia e Estatística,Cabeca,0,brasil,4,Sul,43,Rio Grande do Sul,12960804,12804167,12907102,12953576,12228178,12263628,14082148,14149701,14212042,13733010,13547584,13563090,13728072,13729256,13829640,13832766,13715085,13672801,13905291,14103022,14556224,14259226,13443106,13699814,13743130,13663893,13601000,13869678,14371138,14581757,14669713,14239906,13974827,13516426,14115643,14366298,14469307,14478312,14140654,14037367,13956953,13737316,13590282,13353122,12550379,11968216,11128019,11056530,11932838,12012219
Efetivo - Bovinos - quantidade,Instituto Brasileiro de Geografia e Estatística,Cabeca,0,brasil,3,Sudeste,33,Rio de Janeiro,1433035,1649084,1718946,1761901,1792353,1774057,1773665,1757528,1802664,1794325,1838668,1806780,1861590,1912057,1901687,1922535,1923847,1931726,1941838,1967208,2003902,1905353,1842977,1837099,1881342,1866061,1959497,1976909,1981026,2007124,2064763,2092748,2095666,2078529,2144882,2162043,2160727,2179671,2197615,2339978,2379648,2351451,2409718,2531239,2552587,2533164,2605970,2674067,2701143,2765715
Efetivo - Bovinos - quantidade,Instituto Brasileiro de Geografia e Estatística,Cabeca,0,brasil,1,Norte,11,Rondônia,41030,51507,65997,74889,116617,176221,250286,254348,347279,575083,693663,764299,884307,1051067,1247898,1594201,1718697,2826403,2773896,3286112,3469519,3928027,3937291,4330932,5104233,5441734,5664320,6605034,8039890,9392354,10671440,11349452,11484162,11007613,11176201,11532891,11842073,12182259,12218437,12329971,12744326,13397970,13682200,14091378,14367161,14349219,14804398,15110301,17688225,18162632
Efetivo - Bovinos - quantidade,Instituto Brasileiro de Geografia e Estatística,Cabeca,0,brasil,1,Norte,14,Roraima,286116,249978,260052,261732,263302,272508,326097,335872,345948,356326,280215,305155,342702,362386,376682,396726,0,345650,348807,0,285596,282049,400334,377546,424700,480500,480400,438000,423000,423400,459000,507000,508600,481100,476200,475380,577050,651511,686491,747045,735962,794783,780877,787318,817198,879007,925109,937989,1133502,1181553
Efetivo - Bovinos - quantidade,Instituto Brasileiro de Geografia e Estatística,Cabeca,0,brasil,4,Sul,42,Santa Catarina,2161296,2259340,2325710,2328640,2337048,2348365,2611737,2638117,2652850,2733930,2790606,2777327,2791830,2886709,2960442,2969344,2994111,3057416,3047147,3017369,2960343,2992986,3097657,3087053,3090120,3052952,3051104,3096275,3117737,3189825,3263414,3376725,3460835,3488992,3884264,3976165,3985662,4039217,4072960,4201561,4285931,4382299,4499505,4302861,4296052,4452571,4532618,4541890,4484105,4540794
Efetivo - Bovinos - quantidade,Instituto Brasileiro de Geografia e Estatística,Cabeca,0,brasil,2,Nordeste,28,Sergipe,727414,789784,818558,850894,890800,935443,1006400,977500,881738,647519,663484,777288,942718,855945,904078,1005482,1030453,1046797,1057839,907799,814767,796870,945680,946151,918270,936972,879730,866224,863447,895938,929794,1005177,1067508,1073692,1080833,1120832,1117765,1178771,1156157,1223215,1218972,1231130,1196248,1067121,1039346,1052263,1045507,1090821,1121930,1294262
Efetivo - Bovinos - quantidade,Instituto Brasileiro de Geografia e Estatística,Cabeca,0,brasil,3,Sudeste,35,São Paulo,10192202,11381957,11955114,11786698,11669071,11634751,11867074,11693179,11649607,11431325,11487510,11260601,11746215,11891008,11912382,12260743,12262909,12261609,12394312,12690148,12973841,13148133,12797505,12826949,12753030,13068672,13091946,13257952,13700785,14046426,13765873,13420780,12790383,11790564,11185556,11197605,11197697,11024796,10757383,10486750,10148423,10468135,11031408,11109523,10771635,10487012,10563637,10718494,11065605,10768360
Efetivo - Bovinos - quantidade,Instituto Brasileiro de Geografia e Estatística,Cabeca,0,brasil,1,Norte,17,Tocantins,2006504,2180096,2348572,2462963,2740502,2968039,3086753,3178542,3298000,3469000,3712580,3637120,3753090,3957100,4082310,4189580,4309160,4440540,4623500,5138904,5374168,5544400,5242655,5350885,5441860,5813170,6142096,6570653,6979102,7659743,7924546,7961926,7760590,7395450,7392515,7605249,7994200,8025400,8082336,8140580,8062227,8412404,8652161,8738477,8352513,8480724,9129804,10161938,10772509,11313309
Efetivo - Caprinos - quantidade,Instituto Brasileiro de Geografia e Estatística,Cabeca,0,brasil,1,Norte,12,Acre,1665,862,812,842,572,863,1766,1915,2144,2815,2982,3180,3421,3544,3653,3638,3703,3983,4188,5415,6025,6681,4948,5376,5522,5908,6330,5235,4283,5369,7021,8012,11010,9762,15433,19494,18203,17628,17203,15427,14904,13240,12937,11679,12496,12355,12039,9467,9908,9223
Efetivo - Caprinos - quantidade,Instituto Brasileiro de Geografia e Estatística,Cabeca,0,brasil,2,Nordeste,27,Alagoas,68235,78821,87043,83813,81249,82536,84452,82931,85162,60129,59107,58452,56722,59018,67243,70419,71749,73399,72731,60473,62354,64270,65465,44164,44043,46365,48718,50376,54505,57982,61900,67766,69694,67549,64721,62530,65655,67908,67471,66559,68297,70613,66015,59619,67522,71584,76627,81450,70839,64482
Efetivo - Caprinos - quantidade,Instituto Brasileiro de Geografia e Estatística,Cabeca,0,brasil,1,Norte,16,Amapá,2620,953,792,1255,1600,1180,1490,2340,1643,750,585,430,585,1820,1849,1742,1685,1572,1000,973,1533,1638,696,970,1103,1217,1359,1344,1176,1080,1373,1668,2210,2771,2218,2501,2657,2894,2891,2569,2511,2365,2162,2279,2104,2186,2155,2130,1964,1883
Efetivo - Caprinos - quantidade,Instituto Brasileiro de Geografia e Estatística,Cabeca,0,brasil,1,Norte,13,Amazonas,7860,3734,3888,3860,4255,4503,4783,5009,5223,5722,6346,6573,6577,8242,10947,11022,12234,12264,12550,13679,14833,16076,10398,10966,11765,12263,12775,13317,13847,14035,14660,14740,15315,14808,16070,16381,18649,21488,22599,22328,18709,13767,14113,15210,14669,15149,15233,15355,16339,15414
Efetivo - Caprinos - quantidade,Instituto Brasileiro de Geografia e Estatística,Cabeca,0,brasil,2,Nordeste,29,Bahia,1695792,2381196,2592634,2466862,2571739,2733843,2858641,3033901,3063138,3242326,3592748,3826688,4079885,4188146,4445080,4545493,4695776,4839634,4914350,4067648,4056735,4190114,2442566,2784188,3055370,3464308,3831974,3849986,3584783,3572318,3919445,4041978,4051971,3187839,2933629,2768286,2847148,2741818,2427207,2458179,2360683,2637249,2742733,2959139,3271044,3504337,3645234,3409751,3738229,3955274
Efetivo - Caprinos - quantidade,Instituto Brasileiro de Geografia e Estatística,Cabeca,0,brasil,2,Nordeste,23,Ceará,720016,724117,721647,739706,764578,808477,813129,864055,877550,709199,820185,949173,1029263,1032136,1066265,1101893,1115993,1144566,1161373,1033792,1080452,1116173,808766,810730,744741,773102,789894,815053,836813,869045,904258,931634,946715,976880,998787,1015927,1024594,1044998,1024255,1029763,1055937,1115888,1134141,1058705,1097351,1131862,1164677,1163844,1180288,1156632
Efetivo - Caprinos - quantidade,Instituto Brasileiro de Geografia e Estatística,Cabeca,0,brasil,5,Centro-Oeste,53,Distrito Federal,1300,1176,1375,1200,1687,1300,1242,1325,1644,1842,2100,2600,2700,2500,3000,3400,3500,2086,2284,2145,2292,2500,2318,2971,2971,3442,3072,3051,2900,2690,2560,2540,2580,2140,1900,1780,1728,800,800,2162,2430,2661,3595,3016,3260,3389,3621,3426,3522,3602
Efetivo - Caprinos - quantidade,Instituto Brasileiro de Geografia e Estatística,Cabeca,0,brasil,3,Sudeste,32,Espírito Santo,30105,20816,20607,20384,21403,22977,22489,23878,24809,24940,24709,25349,22988,23949,25876,24656,25310,26047,27588,29199,30010,33623,14644,15128,15304,15455,15482,15719,16164,16919,17365,17694,17895,17585,18093,18116,17897,17484,17930,17743,15244,14370,11867,10761,13392,12859,11925,10976,9503,8022
Efetivo - Caprinos - quantidade,Instituto Brasileiro de Geografia e Estatística,Cabeca,0,brasil,5,Centro-Oeste,52,Goiás,32032,30027,33224,32332,34153,39501,49127,32872,38613,45684,55037,58527,63742,71475,76085,84420,91732,99902,94358,97214,99659,92132,21100,20755,21922,22945,25363,29827,30934,34525,37547,36939,39020,40780,39510,41674,39737,40307,36881,33075,30178,26825,25136,28385,33090,33538,33893,36464,39904,34970
Efetivo - Caprinos - quantidade,Instituto Brasileiro de Geografia e Estatística,Cabeca,0,brasil,2,Nordeste,21,Maranhão,569612,311089,301495,328150,346560,367192,389373,418702,455133,476894,520608,507504,484090,492077,511569,529216,541272,512551,499249,505018,506822,501520,311230,318299,320000,325315,332484,340727,355029,373549,382294,395008,405672,379054,382018,385649,373144,369450,369201,355424,362304,365973,374249,356302,359757,360503,361179,360155,358464,383563
Efetivo - Caprinos - quantidade,Instituto Brasileiro de Geografia e Estatística,Cabeca,0,brasil,5,Centro-Oeste,51,Mato Grosso,13793,7633,7993,9080,9241,10235,9986,7174,7861,11083,11708,6553,6636,6936,7294,21743,24698,24342,27818,30537,33298,35387,20353,24618,25566,26978,28396,30771,33636,36637,39302,43220,43493,41245,39941,39958,40246,33612,26281,20699,22310,24619,28120,29917,35746,37218,36242,38335,37361,27879
Efetivo - Caprinos - quantidade,Instituto Brasileiro de Geografia e Estatística,Cabeca,0,brasil,5,Centro-Oeste,50,Mato Grosso do Sul,59863,18759,17252,16184,16409,19578,17395,20850,22117,23963,25393,26576,30345,32123,33452,36715,39157,41328,39151,39647,40978,42113,25841,26187,26518,27384,27954,28495,28965,29872,30602,31598,31903,31881,32057,32453,31716,39556,37927,36239,36099,36464,36140,29359,29061,27543,24970,25226,24566,20001
Efetivo - Caprinos - quantidade,Instituto Brasileiro de Geografia e Estatística,Cabeca,0,brasil,3,Sudeste,31,Minas Gerais,107143,106240,113636,99060,98792,109957,109157,113042,131271,146289,145693,149978,146712,151492,158216,164440,175438,176581,169597,175044,173352,178161,77262,80865,85581,90373,90650,96634,95752,108177,116580,126612,136576,135246,114156,119766,118572,112982,114682,102651,92200,87401,81247,74171,78718,76520,75863,71804,72896,71643
Efetivo - Caprinos - quantidade,Instituto Brasileiro de Geografia e Estatística,Cabeca,0,brasil,4,Sul,41,Paraná,360767,173548,168310,166198,170886,181001,194996,250671,269817,282757,289827,290703,290068,279958,275909,272843,265952,272906,270274,254033,228285,206456,85178,80561,81377,78902,78870,80880,85346,92390,96731,114796,123052,141341,167382,179896,181984,185206,176130,164964,163644,151115,139209,121906,116145,102336,85845,82124,75397,67438
Efetivo - Caprinos - quantidade,Instituto Brasileiro de Geografia e Estatística,Cabeca,0,brasil,2,Nordeste,25,Paraíba,338029,390731,435377,504265,507772,527089,503342,520463,526111,515023,508230,555054,523140,511900,521602,543447,509450,514016,525735,404443,402732,458477,402000,414151,412471,458383,526179,608155,642685,673426,680742,657824,653730,636457,624025,624205,600607,580867,473184,478083,507589,566576,566153,613919,649136,692427,739915,764758,796472,826432
Efetivo - Caprinos - quantidade,Instituto Brasileiro de Geografia e Estatística,Cabeca,0,brasil,1,Norte,15,Pará,40543,20439,26127,48022,34614,38998,33191,50522,56715,93726,100959,103451,122598,133884,156317,151336,154977,155250,161113,172682,174253,178523,47904,54486,56235,61145,69858,72629,76751,74448,78714,80311,79485,91697,94507,91230,75528,73370,59895,55664,64396,77084,80965,83234,81824,81546,98167,77707,66191,66252
Efetivo - Caprinos - quantidade,Instituto Brasileiro de Geografia e Estatística,Cabeca,0,brasil,2,Nordeste,26,Pernambuco,1146834,1069110,1127183,1087538,1137767,1182501,1198612,1286585,1229688,1129316,1178364,1223366,1395974,1361515,1402580,1442465,1431689,1431091,1362995,1010873,1165629,1237194,1092699,1291766,1239331,1176575,1405479,1443597,1486305,1511906,1533132,1601522,1685845,1595069,1720128,1638514,1735051,1925778,1791422,1976398,2058122,2436207,2534672,2464727,2570388,2933451,3116629,3127114,3226616,3364369
Efetivo - Caprinos - quantidade,Instituto Brasileiro de Geografia e Estatística,Cabeca,0,brasil,2,Nordeste,22,Piauí,1529737,1391136,1428453,1425691,1462849,1526451,1604318,1676562,1734766,1673872,1741053,1610609,1669265,1739221,1825828,1912733,2002851,2094732,2071864,2030527,2078452,2146665,1552311,1521774,1498186,1484910,1469994,1455135,1445107,1427556,1406281,1389486,1371234,1371392,1370372,1389384,1386515,1381949,1285033,1239161,1234403,1228263,1228950,1811964,1835550,1874530,1914146,1945903,1982362,2023532
Efetivo - Caprinos - quantidade,Instituto Brasileiro de Geografia e Estatística,Cabeca,0,brasil,2,Nordeste,24,Rio Grande do Norte,153457,180038,190687,184203,189290,182127,179942,177191,197818,180855,216753,223582,258583,272685,287691,298731,277160,296700,289139,211880,245098,288340,231608,226241,275182,295798,325031,333314,372571,406108,428278,439400,407931,401510,409359,398679,405983,406616,383971,397093,438690,463553,452836,469900,439429,433715,457276,448890,459519,574775
Efetivo - Caprinos - quantidade,Instituto Brasileiro de Geografia e Estatística,Cabeca,0,brasil,4,Sul,43,Rio Grande do Sul,82787,61162,69546,67893,66365,67304,70333,72579,75377,76829,77821,80375,85481,88575,92675,100986,107669,108653,116217,122110,129709,130889,67678,68353,71336,74223,72629,75872,75508,77923,84525,86620,87185,88771,94545,101420,103009,99312,100283,100514,96239,89881,82798,77837,71363,66558,61694,60683,58999,57804
Efetivo - Caprinos - quantidade,Instituto Brasileiro de Geografia e Estatística,Cabeca,0,brasil,3,Sudeste,33,Rio de Janeiro,18609,14289,16000,15360,15047,16121,17033,20350,22496,25920,41737,45915,47541,49053,49613,50964,51611,51231,46948,47213,47675,44364,22013,21441,23723,25617,27684,28759,29100,29264,30527,32493,33040,30909,30616,31463,31860,29752,28969,27334,23407,17812,14267,13476,15557,13606,13560,13542,13840,11882
Efetivo - Caprinos - quantidade,Instituto Brasileiro de Geografia e Estatística,Cabeca,0,brasil,1,Norte,11,Rondônia,1395,698,913,900,829,5287,5600,8613,10409,12505,13839,17394,17421,20484,25640,27088,26046,31758,35056,49931,41853,44754,13676,13920,14603,17168,17583,18643,12360,13483,13187,16310,13199,16575,15349,15224,14598,19238,15923,15182,12137,11171,12933,13382,11365,7639,7296,6534,6087,9064
Efetivo - Caprinos - quantidade,Instituto Brasileiro de Geografia e Estatística,Cabeca,0,brasil,1,Norte,14,Roraima,2982,2031,2688,2677,3693,4134,4180,4349,4523,4706,2926,5126,5018,5172,5667,6458,0,5497,5436,0,8118,4691,5254,6140,5830,6400,6590,6900,7350,7780,8960,9930,9945,9790,9128,9080,9245,7433,7622,6323,4368,5099,4223,10827,11115,10820,11099,11459,11977,16945
Efetivo - Caprinos - quantidade,Instituto Brasileiro de Geografia e Estatística,Cabeca,0,brasil,4,Sul,42,Santa Catarina,83281,40755,41861,42491,41786,44274,48185,82879,82303,69093,66977,71328,75169,79185,80118,80243,81473,68924,65022,70699,70981,73656,23805,25428,26753,29050,30229,30261,33658,35394,38199,41297,41972,49812,55995,54404,58332,58326,57243,50515,49629,48863,47565,31189,33372,37845,40647,39512,38905,36429
Efetivo - Caprinos - quantidade,Instituto Brasileiro de Geografia e Estatística,Cabeca,0,brasil,2,Nordeste,28,Sergipe,21868,16115,17309,16768,17279,18994,24628,30869,31098,29018,30939,34710,36810,37347,32879,32112,31189,30563,30354,26380,24402,20612,6413,6647,6932,7773,11735,12379,13121,13883,15130,18292,21055,17972,18349,19643,19881,18906,19629,22410,23647,24754,30829,23680,20837,21964,22441,24000,25383,24746
Efetivo - Caprinos - quantidade,Instituto Brasileiro de Geografia e Estatística,Cabeca,0,brasil,3,Sudeste,35,São Paulo,61267,40943,41762,44720,48016,53576,56195,59258,62451,69996,112996,109622,105003,105753,108915,109955,109693,107740,105549,106583,101247,102085,64904,75517,74625,72920,70372,69650,69621,71730,72944,75325,75772,69554,62988,62436,65078,65425,59271,59321,68347,63275,63874,63688,57307,54585,53546,52384,51931,49008
Efetivo - Caprinos - quantidade,Instituto Brasileiro de Geografia e Estatística,Cabeca,0,brasil,1,Norte,17,Tocantins,19037,14576,16003,14527,16867,19989,22131,15620,16866,20540,25015,27283,28755,32845,36750,40860,42580,44830,47625,50393,52509,54559,15424,16527,17163,19016,20129,20723,20852,24164,24631,23707,23950,21923,23738,23467,25167,23213,22560,23433,25455,25789,25278,27986,28096,17264,15379,14211,13028,10229
Efetivo - Equinos - quantidade,Instituto Brasileiro de Geografia e Estatística,Cabeca,0,brasil,1,Norte,12,Acre,4614,4598,4400,4525,4529,5817,6835,7196,7716,10208,10562,10800,9992,10355,10590,10626,10518,13978,14238,16487,16649,16992,20937,21447,21886,22274,23090,25111,26408,29771,32752,33368,50882,48089,60668,68773,67952,68114,65301,64871,76061,81699,97999,94821,95229,93315,95139,82542,93488,82503
Efetivo - Equinos - quantidade,Instituto Brasileiro de Geografia e Estatística,Cabeca,0,brasil,2,Nordeste,27,Alagoas,49221,52779,49743,47108,46579,50051,52397,52738,54081,49896,51027,50011,49731,49112,57357,58507,58408,59194,59056,53054,53136,53455,53557,48673,47982,46427,45537,47013,49261,51127,52686,54970,55769,56862,54935,54804,56310,57982,58122,58228,60414,64126,65045,74573,85966,92025,92562,93448,96362,95576
Efetivo - Equinos - quantidade,Instituto Brasileiro de Geografia e Estatística,Cabeca,0,brasil,1,Norte,16,Amapá,4047,3641,3491,3551,3485,2521,2309,2212,1970,1940,2274,2580,2740,5250,5225,4761,3757,3742,2829,3671,4128,4239,3167,3275,3190,3045,3057,2953,3045,3462,3706,4662,5422,5021,4858,5396,5294,5683,5436,5566,5790,8948,8207,10068,10432,10179,9958,9765,9375,8975
Efetivo - Equinos - quantidade,Instituto Brasileiro de Geografia e Estatística,Cabeca,0,brasil,1,Norte,13,Amazonas,7100,7036,7108,7188,5311,5593,5975,6333,6588,7095,7379,7592,7569,7900,9991,10235,11199,11212,11196,12228,13333,14482,9098,9592,10089,10341,10597,10914,11257,11468,11907,11909,12328,12318,12339,12611,12803,13685,15678,15479,22284,25363,27758,27251,28019,28032,28884,29348,31614,41314
Efetivo - Equinos - quantidade,Instituto Brasileiro de Geografia e Estatística,Cabeca,0,brasil,2,Nordeste,29,Bahia,508820,516861,492777,492850,490845,510386,542155,557639,573350,571101,583522,607116,629338,627175,632151,647812,659330,680260,706494,658240,652755,659202,647297,663958,657549,650120,634819,635335,613417,613499,614073,614115,613519,621122,610335,598326,586643,555905,518051,485356,470761,459727,481869,495373,508892,505568,496415,440055,443725,463297
Efetivo - Equinos - quantidade,Instituto Brasileiro de Geografia e Estatística,Cabeca,0,brasil,2,Nordeste,23,Ceará,156700,167616,161625,165410,169861,178236,185466,190395,179679,179460,182762,203941,231653,230025,231189,232117,231894,230740,230514,220869,222700,223984,140004,140378,133901,134568,134577,135912,137023,138314,139102,139782,140159,141370,140035,137727,138346,138720,136071,128602,131851,135046,138808,117110,117062,121110,125845,128380,131173,135188
Efetivo - Equinos - quantidade,Instituto Brasileiro de Geografia e Estatística,Cabeca,0,brasil,5,Centro-Oeste,53,Distrito Federal,4200,3022,3104,3102,2360,2450,3226,3431,5420,5630,6100,7000,7000,7500,7500,8200,8350,8320,8500,8500,9350,9300,6377,6380,6380,6400,6400,6400,6700,6200,6000,5700,5000,7150,7200,7200,7270,7200,12000,17162,18695,20320,21080,19442,18892,17929,17664,17602,18294,18624
Efetivo - Equinos - quantidade,Instituto Brasileiro de Geografia e Estatística,Cabeca,0,brasil,3,Sudeste,32,Espírito Santo,75103,81517,76189,69988,68351,68113,67985,67667,66881,66024,66597,66017,79362,80491,81460,80395,84823,87499,88408,88813,84342,80695,65853,66859,66840,70923,70957,71802,72020,72549,72956,72716,72575,72108,71326,71446,71411,73489,74916,74585,76626,72927,66451,57768,54755,56902,56761,57062,57332,57548
Efetivo - Equinos - quantidade,Instituto Brasileiro de Geografia e Estatística,Cabeca,0,brasil,5,Centro-Oeste,52,Goiás,331891,309566,358681,343972,346616,357247,380169,365502,381724,390966,403730,419893,423143,433372,435975,445150,452330,470552,459885,464271,462714,464899,447977,453021,456290,457408,455790,450568,447388,443903,442818,441782,445130,445715,438580,438390,428367,426950,401381,394799,385525,380405,365611,364174,366468,381095,381697,393676,395288,390924
Efetivo - Equinos - quantidade,Instituto Brasileiro de Geografia e Estatística,Cabeca,0,brasil,2,Nordeste,21,Maranhão,267470,273143,248276,257076,257696,264203,267445,271521,268372,267509,280088,281730,277887,281923,288594,289197,286923,276482,271398,272682,269770,265217,163700,163747,164667,164892,166386,165223,166443,173484,175027,177731,177841,174320,177643,171942,170347,173739,173926,175575,176718,185722,197529,220220,236618,228496,234544,233363,257423,260888
Efetivo - Equinos - quantidade,Instituto Brasileiro de Geografia e Estatística,Cabeca,0,brasil,5,Centro-Oeste,51,Mato Grosso,107176,121693,92822,91483,94460,97216,100192,110359,112773,122195,125004,135882,137905,141641,144498,162345,169622,181452,184100,199115,205153,219057,250435,256337,264506,267768,274991,283796,295210,306845,311598,314544,312219,310174,307900,318249,344918,350001,319294,245153,302543,418766,372028,380277,425553,441626,547839,445541,449429,438706
Efetivo - Equinos - quantidade,Instituto Brasileiro de Geografia e Estatística,Cabeca,0,brasil,5,Centro-Oeste,50,Mato Grosso do Sul,258923,262924,216965,200390,198533,199022,215176,219228,224889,230431,239990,243957,254926,263534,268618,278382,286181,292800,301839,347420,357668,367841,324239,330243,336020,339600,345901,349900,355178,362894,366399,369529,370673,357315,357675,358482,344589,339136,338093,337124,337185,339781,354797,278482,330044,361005,410740,417525,415996,337718
Efetivo - Equinos - quantidade,Instituto Brasileiro de Geografia e Estatística,Cabeca,0,brasil,3,Sudeste,31,Minas Gerais,777825,840180,829762,812495,795012,803138,816190,914939,920302,899200,917006,912068,948129,955916,969597,964640,971952,981573,981204,984066,977098,962428,948571,977182,985534,951774,928166,923073,899563,891035,859974,856740,865340,838222,808494,800108,802049,787129,785277,758880,763780,774639,762006,811337,874513,846197,828296,811705,804904,788064
Efetivo - Equinos - quantidade,Instituto Brasileiro de Geografia e Estatística,Cabeca,0,brasil,4,Sul,41,Paraná,539255,555709,486703,434347,393347,387043,401757,409528,408905,412899,420261,426937,441160,444259,445855,452369,448567,449316,442249,439980,438939,430214,454725,480274,495568,482300,479928,470302,462646,459294,434381,426004,413303,389020,393544,371617,341481,331689,325837,312626,301931,300781,296488,280717,282448,283366,271527,258875,247967,238963
Efetivo - Equinos - quantidade,Instituto Brasileiro de Geografia e Estatística,Cabeca,0,brasil,2,Nordeste,25,Paraíba,72030,69088,66685,69796,71530,71979,71517,72445,66122,78390,75117,76797,71485,71084,72600,75327,74911,72799,73802,63224,63059,66605,50182,50658,50780,50273,51095,51698,52162,52335,52020,50910,50819,49761,48863,48366,48073,48284,44758,46262,49975,52683,54461,55965,59536,62305,64019,66111,69555,73274
Efetivo - Equinos - quantidade,Instituto Brasileiro de Geografia e Estatística,Cabeca,0,brasil,1,Norte,15,Pará,95750,113930,91439,91563,93048,96529,106724,118006,129981,148747,156760,169743,187594,224752,237275,241231,252220,251093,255111,269859,287103,301384,178704,202218,214468,223707,240565,240852,255199,260058,282835,290769,276474,283410,286950,293236,289261,297082,270658,284437,312077,342779,380845,351806,429310,445603,458145,488219,517506,527421
Efetivo - Equinos - quantidade,Instituto Brasileiro de Geografia e Estatística,Cabeca,0,brasil,2,Nordeste,26,Pernambuco,128251,132291,126731,126883,126809,125848,123091,121974,120689,118087,125789,122548,123118,126860,128501,132998,135332,140017,135353,115134,117529,119266,109658,114262,107827,108139,113104,114213,116501,119061,119680,122457,122369,125976,130651,133856,139811,139111,123843,128027,125994,131567,124806,125008,131202,124748,123452,131828,132427,133000
Efetivo - Equinos - quantidade,Instituto Brasileiro de Geografia e Estatística,Cabeca,0,brasil,2,Nordeste,22,Piauí,184370,194155,180873,174154,167940,168823,165315,165246,162800,147438,149263,152009,155479,158518,163408,167958,171920,175236,175375,176823,181130,185204,148371,151596,149144,149537,149659,150134,150425,150602,150866,151014,151258,149561,146039,115398,112423,109936,106538,102092,99679,95990,93942,91509,69004,66816,64742,63150,61557,59814
Efetivo - Equinos - quantidade,Instituto Brasileiro de Geografia e Estatística,Cabeca,0,brasil,2,Nordeste,24,Rio Grande do Norte,41464,45860,38934,38176,37827,40105,39695,39843,39909,34325,36026,38276,39743,40209,39560,40725,39103,39070,38059,33507,35059,36997,33360,34591,36982,37314,38618,38213,39933,39614,40338,41979,43550,42933,42151,43111,43112,45100,44454,53552,62654,63816,64585,64555,63658,67444,72163,73806,81159,94469
Efetivo - Equinos - quantidade,Instituto Brasileiro de Geografia e Estatística,Cabeca,0,brasil,4,Sul,43,Rio Grande do Sul,715010,772105,619022,614190,604578,574953,556451,564492,555306,559811,557904,554299,571628,573925,565148,586277,593555,596195,608971,618145,614669,603671,496664,516419,523146,514625,514089,479803,486335,499358,484512,476639,468447,449955,454938,452965,470199,472778,468691,535299,540815,535227,537159,553191,527868,518969,520371,501435,492396,490034
Efetivo - Equinos - quantidade,Instituto Brasileiro de Geografia e Estatística,Cabeca,0,brasil,3,Sudeste,33,Rio de Janeiro,55199,53225,58616,62829,64581,65206,64149,71929,75312,75464,89136,94062,97724,96340,99401,102739,107300,109712,142937,149631,149431,152857,86683,86641,88969,89254,100106,99785,99885,100991,105827,108865,105014,99205,101517,105435,106248,115178,120572,113203,116473,100220,98884,100334,100231,101998,105165,104782,101349,107619
Efetivo - Equinos - quantidade,Instituto Brasileiro de Geografia e Estatística,Cabeca,0,brasil,1,Norte,11,Rondônia,1870,4705,3022,3052,2098,10936,12220,14090,16528,21233,42880,34611,43336,46429,51220,56016,52263,56573,65286,93437,99802,104046,119055,110045,115287,120140,124786,136016,127476,144204,146683,146332,143768,161166,160583,162654,161050,169585,175484,173440,166507,166259,164607,166722,184611,198436,158032,169587,174389,201538
Efetivo - Equinos - quantidade,Instituto Brasileiro de Geografia e Estatística,Cabeca,0,brasil,1,Norte,14,Roraima,25850,27265,31614,33586,25155,25569,34421,35800,36516,37250,30635,36579,32345,32916,33793,42025,0,36316,36483,0,0,16103,28872,35760,30850,29200,27980,26550,26260,26020,27800,28100,28500,27650,25570,25685,28170,30276,28349,28548,29502,30399,27045,37063,37360,35020,35068,35004,35204,38080
Efetivo - Equinos - quantidade,Instituto Brasileiro de Geografia e Estatística,Cabeca,0,brasil,4,Sul,42,Santa Catarina,214484,216371,161897,160895,154579,158490,158351,181302,173258,159787,157404,156820,154438,159038,160839,164977,164418,157952,157032,152136,155456,152153,128691,133611,134055,133845,132390,130608,130658,130275,128343,129061,119599,98716,101943,104473,114372,120331,122565,118342,120001,128676,140934,112766,105448,132210,121612,118726,102097,104425
Efetivo - Equinos - quantidade,Instituto Brasileiro de Geografia e Estatística,Cabeca,0,brasil,2,Nordeste,28,Sergipe,60776,66607,60568,60243,58085,60279,62736,61641,64148,59749,59135,63519,68776,75912,77304,81144,82646,87338,90228,87461,86758,87133,66209,65632,64928,67127,66385,65556,66431,67448,68640,70735,73259,68503,69841,71889,72830,73712,73385,67922,68425,69567,76678,69245,66022,66478,66150,67818,69306,71886
Efetivo - Equinos - quantidade,Instituto Brasileiro de Geografia e Estatística,Cabeca,0,brasil,3,Sudeste,35,São Paulo,364450,451493,520391,406349,416289,435571,440221,472506,479310,501147,527682,534908,552007,568807,608335,612692,611563,609406,624281,614822,621459,615141,580577,563892,553335,539257,542278,539522,531939,515572,500177,493919,472835,421654,382707,380333,379379,368833,358807,347411,363380,365068,365117,355554,343903,350072,348417,351833,355528,353325
Efetivo - Equinos - quantidade,Instituto Brasileiro de Geografia e Estatística,Cabeca,0,brasil,1,Norte,17,Tocantins,164694,159588,165392,158885,153705,162543,172535,128814,127179,132780,138250,140300,136725,141740,145510,148940,152430,157780,164385,170555,176535,181580,142133,144842,146607,161083,150566,149796,145730,158993,156150,152917,153065,144757,144897,144345,171545,190973,195698,239535,264955,200787,191397,195328,196778,214374,226919,189237,189909,186341
Efetivo - Ovinos - quantidade,Instituto Brasileiro de Geografia e Estatística,Cabeca,0,brasil,1,Norte,12,Acre,14761,10662,10934,11089,11535,13179,17209,18512,19704,22364,24136,22571,17809,19839,20855,21477,21601,24035,25908,30688,32799,38567,40731,39824,41609,42646,45479,44612,41760,41426,42372,45920,53673,51663,77623,86084,81072,82131,84419,81401,88136,99479,98123,88957,88223,86388,84552,68127,75907,72001
Efetivo - Ovinos - quantidade,Instituto Brasileiro de Geografia e Estatística,Cabeca,0,brasil,2,Nordeste,27,Alagoas,86998,138746,163245,143173,146719,150388,153393,150045,153051,119744,123409,123164,121961,122180,138581,140024,142069,146045,145943,116371,118742,122514,121184,71125,71613,74863,99326,124659,179554,189274,191895,203417,208372,201273,193686,193877,202773,209117,209527,202168,211728,224264,228557,264268,294811,307047,322847,337054,336451,349596
Efetivo - Ovinos - quantidade,Instituto Brasileiro de Geografia e Estatística,Cabeca,0,brasil,1,Norte,16,Amapá,3665,2056,1910,1904,2090,1160,1670,3095,2042,2450,2223,2470,2673,3180,2405,1730,1509,1176,679,740,766,1159,1985,2259,2074,1720,1323,1264,1143,1070,1139,1270,1669,2069,1910,2255,2328,2602,2416,2073,1805,3088,2807,3048,3122,2812,2644,2766,2576,2241
Efetivo - Ovinos - quantidade,Instituto Brasileiro de Geografia e Estatística,Cabeca,0,brasil,1,Norte,13,Amazonas,26201,9528,9515,9656,10754,11344,12882,13690,13627,15162,16704,17124,16887,19116,23261,23769,24768,24176,24524,26224,29067,31294,46699,49458,52909,55640,58220,60677,63318,62836,64308,67197,69250,54793,41802,43808,56285,69131,71691,68628,54606,47476,44694,41016,41547,41171,40732,38858,37385,38681
Efetivo - Ovinos - quantidade,Instituto Brasileiro de Geografia e Estatística,Cabeca,0,brasil,2,Nordeste,29,Bahia,1870543,2070663,2167389,2176893,2236468,2302774,2385820,2444049,2427981,2546744,2582119,2671785,2770861,2802311,2908627,2990813,3088952,3192746,3321028,2687697,2710831,2772790,2357684,2514172,2644126,2808846,2922701,2986224,2674743,2708587,2988569,3138303,3165757,3096155,3020849,3028507,3125766,3072176,2812360,2926601,2815438,3168650,3497190,3793502,4179667,4496316,4706437,4247960,4660494,5005629
Efetivo - Ovinos - quantidade,Instituto Brasileiro de Geografia e Estatística,Cabeca,0,brasil,2,Nordeste,23,Ceará,1133676,1134795,1135673,1146031,1182168,1219365,1208498,1184067,1254498,993251,1133113,1259512,1337306,1350100,1420340,1451088,1470335,1494689,1494601,1274477,1333385,1368841,1638112,1651286,1492476,1554973,1606914,1666822,1718818,1781951,1852448,1909182,1961724,1998165,2030982,2071098,2098893,2142567,2071096,2062654,2229327,2304996,2294035,2228713,2318568,2380481,2462224,2500836,2545649,2543214
Efetivo - Ovinos - quantidade,Instituto Brasileiro de Geografia e Estatística,Cabeca,0,brasil,5,Centro-Oeste,53,Distrito Federal,1020,1030,1253,1050,950,730,1669,1732,2140,2340,2400,2600,2500,2500,3000,2800,2500,2828,2885,3045,2788,2800,3934,5220,6573,7495,8325,11318,13470,15020,17500,16020,19000,19990,18000,21000,20416,10500,11000,14153,15803,18159,23938,21267,21355,21828,22866,22289,21708,19105
Efetivo - Ovinos - quantidade,Instituto Brasileiro de Geografia e Estatística,Cabeca,0,brasil,3,Sudeste,32,Espírito Santo,12237,12043,12506,12414,12235,12081,10423,10461,10973,12272,12852,13290,14956,15354,18394,20734,23768,26190,30521,32150,32414,31367,27027,28059,27905,28110,28348,28510,29719,30258,31017,31630,32040,33674,35267,36134,37826,41140,42487,41745,43612,44090,44174,44268,44284,44640,42576,39762,38278,36843
Efetivo - Ovinos - quantidade,Instituto Brasileiro de Geografia e Estatística,Cabeca,0,brasil,5,Centro-Oeste,52,Goiás,36507,35887,36768,37486,37209,39196,44677,42281,48419,54799,63704,61849,67926,74474,78055,81437,89672,98069,89652,93660,94350,93192,107400,109244,109446,112026,113683,119227,123813,139249,146338,156746,162385,172221,183715,186464,201173,226869,191348,172808,156005,145406,140421,129066,113826,122761,120581,129293,135750,122780
Efetivo - Ovinos - quantidade,Instituto Brasileiro de Geografia e Estatística,Cabeca,0,brasil,2,Nordeste,21,Maranhão,175061,122528,121909,124878,125780,133827,142274,149444,172336,175955,185272,183411,180371,184789,192439,192783,194831,188955,179908,180414,177802,175048,146424,145987,147736,149692,154384,158485,166843,204273,212412,226488,230695,226216,230142,232307,229583,231348,233530,233090,239618,255062,278198,276795,292217,297127,296058,299019,319158,348062
Efetivo - Ovinos - quantidade,Instituto Brasileiro de Geografia e Estatística,Cabeca,0,brasil,5,Centro-Oeste,51,Mato Grosso,7890,7087,7371,8453,9138,11504,14175,13447,16389,23737,27912,30648,32580,39161,46993,62905,67277,69191,80605,87231,92056,100496,160317,170293,178282,184963,193704,205570,220772,240562,275873,324865,349383,429176,439689,442682,549484,474581,377904,267234,307948,358450,377245,399163,456653,467734,458621,464029,466308,394737
Efetivo - Ovinos - quantidade,Instituto Brasileiro de Geografia e Estatística,Cabeca,0,brasil,5,Centro-Oeste,50,Mato Grosso do Sul,184038,100009,97910,98893,95980,119227,127312,136109,143448,162819,173321,175233,189972,199215,209339,218588,233377,243198,245275,255747,265140,271355,347292,354860,359601,368484,378131,386767,395016,405153,417356,439782,456322,464851,469146,477732,497102,497631,498064,500509,502678,505537,503821,460083,435618,432919,412551,409691,399145,325130
Efetivo - Ovinos - quantidade,Instituto Brasileiro de Geografia e Estatística,Cabeca,0,brasil,3,Sudeste,31,Minas Gerais,132466,115296,119198,114547,106401,109769,100938,104566,106871,104550,106141,108952,108774,111977,115155,117465,121395,115595,109220,109497,106243,102805,118896,127456,122505,123874,116796,130405,143315,145633,174193,188917,209342,242801,225549,223434,228306,221439,225955,218746,209589,225893,209942,176353,188602,183938,206851,206133,201861,186087
Efetivo - Ovinos - quantidade,Instituto Brasileiro de Geografia e Estatística,Cabeca,0,brasil,4,Sul,41,Paraná,216059,159203,158762,154976,155380,160536,186493,204892,231725,248497,261925,279741,304690,316765,340701,360882,385316,417589,462099,526930,597616,598731,545823,558507,573686,570382,548998,543954,548634,507850,488142,511801,517327,532091,579764,599925,613934,643591,638923,640681,650231,614749,596193,562712,558022,588688,574498,568294,551354,515863
Efetivo - Ovinos - quantidade,Instituto Brasileiro de Geografia e Estatística,Cabeca,0,brasil,2,Nordeste,25,Paraíba,368293,370593,394269,453645,457323,458887,418382,414629,389040,341191,355219,396266,385674,370486,381579,414882,380692,388674,387894,273376,263829,302611,419524,373818,282808,307508,343844,376983,394642,406095,408671,411069,414800,409634,414895,434225,433032,447406,374081,389523,442533,501362,523103,572688,610214,668858,712632,744132,777790,812227
Efetivo - Ovinos - quantidade,Instituto Brasileiro de Geografia e Estatística,Cabeca,0,brasil,1,Norte,15,Pará,57637,30124,35844,37402,39046,43851,49886,47248,54733,68019,75441,82378,86260,123626,137710,128331,138031,145787,155579,162015,161998,165723,90893,100365,107384,115109,127405,133075,147362,164706,178400,203027,201559,213599,202005,197739,203368,213052,175757,193427,213809,235388,280063,252514,265826,257726,228187,266760,262486,272487
Efetivo - Ovinos - quantidade,Instituto Brasileiro de Geografia e Estatística,Cabeca,0,brasil,2,Nordeste,26,Pernambuco,462961,489992,520566,505583,528585,534178,526828,538900,531798,458135,497408,528064,606282,615221,639681,664712,675647,682736,669393,477574,493769,540868,630872,595432,564778,622790,753218,815322,886015,892629,943068,1067103,1180943,1256270,1351934,1487228,1622511,1856351,1652883,1830647,1924342,2416977,2479122,2295269,2348061,2958356,3304335,3441843,3523986,3674659
Efetivo - Ovinos - quantidade,Instituto Brasileiro de Geografia e Estatística,Cabeca,0,brasil,2,Nordeste,22,Piauí,919048,832933,844571,847733,871884,905349,930856,968887,984283,948592,980406,976191,1016798,1058565,1110818,1161379,1211051,1260698,1231783,1182082,1223370,1259546,1320574,1342504,1342912,1369009,1395960,1422224,1438084,1461804,1486298,1511743,1534969,1437219,1444373,1387279,1392861,1397864,1240423,1205232,1210967,1200079,1207807,1615224,1635678,1670522,1705154,1737799,1772628,1809805
Efetivo - Ovinos - quantidade,Instituto Brasileiro de Geografia e Estatística,Cabeca,0,brasil,2,Nordeste,24,Rio Grande do Norte,239107,313098,334679,316168,321098,284120,262272,253259,258692,216898,248049,271094,303758,312621,334162,359706,332568,344644,336111,233771,260749,289986,388749,391089,342618,361387,389706,399457,433562,462279,489862,490310,512161,514224,532846,570302,583661,587096,558563,737392,860037,872795,843968,851160,794126,825483,886855,879977,914154,770421
Efetivo - Ovinos - quantidade,Instituto Brasileiro de Geografia e Estatística,Cabeca,0,brasil,4,Sul,43,Rio Grande do Sul,12490066,11469305,11400424,11384266,10643114,10850828,11303109,11796615,11181308,11044612,10992870,10808410,11404522,11383514,11203036,10845901,10648853,10473116,10163929,9511074,9711917,9284181,5541778,5240323,5143968,4870244,4812477,4311543,3938988,3912103,3826650,3732917,3764031,3830061,4009938,3946349,3979258,4000297,4095648,4250932,4223266,3957275,3496904,3436402,3187776,3057943,2950926,3030419,3353607,3361471
Efetivo - Ovinos - quantidade,Instituto Brasileiro de Geografia e Estatística,Cabeca,0,brasil,3,Sudeste,33,Rio de Janeiro,11693,15661,14116,13830,13491,12765,12679,13299,13306,16202,16270,17523,19453,20846,21630,21371,21368,24319,23330,24457,24539,20687,19476,19323,19636,17882,21100,23774,26833,29865,35195,41468,44973,50172,50894,50284,48489,56479,49027,46410,42773,44500,41398,45097,36309,36710,36421,39132,37537,40654
Efetivo - Ovinos - quantidade,Instituto Brasileiro de Geografia e Estatística,Cabeca,0,brasil,1,Norte,11,Rondônia,6070,1764,1930,1872,2682,3621,4301,5640,5533,7246,9394,13348,15857,16849,20973,23920,23579,28438,36114,54919,52101,62772,61882,63651,66837,71336,75857,81171,62572,72981,76589,99396,105072,124661,125183,127995,135122,147103,141972,134807,114825,111074,99304,101858,95202,68158,62477,95900,89533,113186
Efetivo - Ovinos - quantidade,Instituto Brasileiro de Geografia e Estatística,Cabeca,0,brasil,1,Norte,14,Roraima,21546,15247,16846,16962,16556,16320,20081,20884,21719,22596,25960,32366,26981,28041,29316,33672,0,35321,39694,0,0,19664,0,0,0,0,0,0,0,0,0,0,0,0,0,0,0,0,0,39681,31721,28398,25561,29029,29370,27610,27526,27336,28174,36671
Efetivo - Ovinos - quantidade,Instituto Brasileiro de Geografia e Estatística,Cabeca,0,brasil,4,Sul,42,Santa Catarina,186022,124183,126326,125306,123667,134310,144519,188317,193395,179542,181305,189679,197084,212015,214994,222056,231649,217839,222005,227452,228648,250386,204332,209195,204184,208280,207099,192134,199497,202412,200974,207780,210165,241089,256965,261322,293349,303115,307651,295210,292728,305647,313265,259290,266628,311545,338945,342460,348128,347635
Efetivo - Ovinos - quantidade,Instituto Brasileiro de Geografia e Estatística,Cabeca,0,brasil,2,Nordeste,28,Sergipe,92182,111765,115249,119018,122412,128479,148159,157653,162446,134714,142720,162430,176894,187540,185648,201206,201601,205338,207277,172034,162615,154857,79208,81226,83355,87917,96422,110443,119869,126122,139064,152053,169959,147102,152198,162145,168674,168801,173422,187129,192809,205151,245550,161221,157560,164269,165386,177690,194650,208224
Efetivo - Ovinos - quantidade,Instituto Brasileiro de Geografia e Estatística,Cabeca,0,brasil,3,Sudeste,35,São Paulo,101501,118981,136537,129831,130093,131779,133758,154790,170561,178058,181631,201558,207895,221164,245435,235442,238746,232993,224187,217127,209579,223639,257430,239361,229100,232745,233681,252897,257501,287722,303288,344919,378067,415431,455098,452281,467253,452132,426957,415327,408857,385853,374166,357975,342007,338791,330669,322365,320762,295389
Efetivo - Ovinos - quantidade,Instituto Brasileiro de Geografia e Estatística,Cabeca,0,brasil,1,Norte,17,Tocantins,19522,15047,16455,15526,15550,16701,18697,17621,18131,20887,25340,27310,33515,37960,41750,42390,43350,43560,45730,47531,48985,50553,47277,49679,50266,52039,51857,51228,51218,64624,66217,64718,65532,74855,85955,89265,108062,113544,122388,132311,129263,130753,134398,139829,142080,111981,125148,104975,106157,89341
Efetivo - Suínos - quantidade,Instituto Brasileiro de Geografia e Estatística,Cabeca,0,brasil,1,Norte,12,Acre,113880,109919,112887,113901,117150,124532,137055,143696,157693,172908,185184,154651,149029,156128,178304,181429,176207,171753,172222,193309,202912,203906,162806,168683,171340,178695,183498,183058,179252,178054,168821,151073,168028,156530,155861,156620,150763,139518,139251,134576,128875,149776,139150,142293,142980,149802,160708,149642,157390,159694
Efetivo - Suínos - quantidade,Instituto Brasileiro de Geografia e Estatística,Cabeca,0,brasil,2,Nordeste,27,Alagoas,73394,97970,116836,93224,96458,102837,83399,81797,78110,70428,82439,85436,95787,96138,97165,105401,110354,118057,125442,119679,120747,123619,129461,106922,103743,105312,105919,110248,98644,112322,120317,127781,128437,144652,150578,147762,154808,155058,149728,143112,149647,142577,127441,123471,135570,143540,152679,167520,174603,181232
Efetivo - Suínos - quantidade,Instituto Brasileiro de Geografia e Estatística,Cabeca,0,brasil,1,Norte,16,Amapá,49250,55906,63979,46484,50550,44600,39880,29690,20753,17150,17975,25170,27457,42350,41807,43765,32642,27805,22679,20002,18491,20063,14451,15693,17141,17076,17036,18390,20044,15354,17066,22248,35479,31821,28547,28484,30055,34962,37089,40563,43594,36355,35193,31012,30736,30892,32244,28919,27183,27964
Efetivo - Suínos - quantidade,Instituto Brasileiro de Geografia e Estatística,Cabeca,0,brasil,1,Norte,13,Amazonas,162218,126688,133473,121745,130146,145136,246014,255333,266283,291130,295588,180522,181624,188612,216243,219875,214594,217182,204187,221385,240908,260926,230803,248659,267846,283982,300168,313826,341766,301246,290757,290410,299929,155525,143664,146291,99676,94435,76108,66325,71008,62613,65507,77365,76273,89338,81877,81413,78097,75971
Efetivo - Suínos - quantidade,Instituto Brasileiro de Geografia e Estatística,Cabeca,0,brasil,2,Nordeste,29,Bahia,2431352,2530580,2661826,2367104,2460745,2558413,1956530,1983513,2034902,2044170,2127808,2225072,1990900,2092459,2191160,2273119,2351126,2446931,2519515,2270577,2334344,2377801,1804261,1832058,1837378,1970778,2027787,2052603,1981284,1966482,1973748,1993461,2006734,1904699,1835017,1753475,1768305,1620697,1513425,1389113,1286880,1216322,1126310,1085507,1114070,1126956,1078368,992753,989008,1016164
Efetivo - Suínos - quantidade,Instituto Brasileiro de Geografia e Estatística,Cabeca,0,brasil,2,Nordeste,23,Ceará,782447,1366250,1373242,1260247,1298124,1341640,917417,809290,827163,616328,690884,1241518,1291171,1281518,1335238,1356277,1373179,1403137,1424620,1194727,1201078,1210735,1087849,1081875,992033,1006062,1025109,1039656,1054008,1067314,1082993,1089530,1101360,1132673,1152598,1160410,1167731,1193630,1173077,1138424,1188106,1268342,1249739,1143214,1171020,1179619,1208834,1215425,1236390,1278548
Efetivo - Suínos - quantidade,Instituto Brasileiro de Geografia e Estatística,Cabeca,0,brasil,5,Centro-Oeste,53,Distrito Federal,20000,22366,24428,20952,19700,14500,32615,30704,32584,28730,26500,34868,34550,51807,49820,51200,35007,38279,41749,46535,50534,54170,86000,112000,102919,105876,112065,126514,131600,131180,119950,112719,136690,145114,119000,151170,156700,207873,94180,100915,163985,155966,168394,172619,151827,151981,186698,171098,172965,139366
Efetivo - Suínos - quantidade,Instituto Brasileiro de Geografia e Estatística,Cabeca,0,brasil,3,Sudeste,32,Espírito Santo,770931,637936,711202,644783,611255,627699,478762,451657,453126,441818,443310,435861,446153,431308,430244,425651,436317,421854,430401,440039,438807,423455,269928,273853,272386,278081,300390,303983,313945,321876,319732,292405,288578,280398,271554,263458,263030,256646,261104,269436,307124,322645,230748,202252,241550,235623,215625,208413,181226,174078
Efetivo - Suínos - quantidade,Instituto Brasileiro de Geografia e Estatística,Cabeca,0,brasil,5,Centro-Oeste,52,Goiás,1812687,2008322,2081080,1848491,1915640,2008390,1493838,1497998,1596063,1731375,1876280,1893032,1588872,1674928,1768020,1824405,1876735,1933455,1887139,1904893,1896470,1869052,1065789,1027963,1034767,1113518,1174360,1231251,1360573,1499050,1493837,1499138,1516285,1537430,1592760,1929062,2046727,2049376,2016444,2060360,2016940,2033914,1988478,2053065,1969922,1878638,1822133,1592498,1521186,1542237
Efetivo - Suínos - quantidade,Instituto Brasileiro de Geografia e Estatística,Cabeca,0,brasil,2,Nordeste,21,Maranhão,3166808,3308891,3472981,3369379,3473553,3594133,2799786,2746008,2808300,2813597,2770350,2607648,2644878,2733962,2863339,2958566,3012982,2876138,2795683,2755138,2752526,2750960,1931173,1883382,1888116,1885166,1864915,1861185,1817067,1756418,1697086,1666063,1668326,1485351,1436181,1381069,1295425,1304193,1320953,1233492,1223787,1231823,1241502,1070188,1031962,1031222,1030544,996815,984666,975387
Efetivo - Suínos - quantidade,Instituto Brasileiro de Geografia e Estatística,Cabeca,0,brasil,5,Centro-Oeste,51,Mato Grosso,483127,512191,552218,505661,532432,563081,555942,548705,579491,599491,617842,682400,720785,793456,869379,934783,1034107,1039732,872351,893333,947629,990802,689514,724651,759928,771157,834084,934889,1034608,1114592,1315443,1359824,1439626,1392424,1620061,1864808,2109979,1954128,1789390,1782726,1840910,2849158,2538530,2559616,2745416,2592975,2601292,2885929,2925375,2195233
Efetivo - Suínos - quantidade,Instituto Brasileiro de Geografia e Estatística,Cabeca,0,brasil,5,Centro-Oeste,50,Mato Grosso do Sul,632730,531177,543772,517626,545191,545244,426350,421056,433487,439663,461205,421523,437206,455503,470403,494856,513419,532265,539412,591630,612022,679411,539582,558039,613543,638895,681189,739480,787960,813359,838026,855080,912253,938804,957697,1052266,1062035,1328251,1205455,1159632,1217651,1281775,1267038,1432577,1479974,1511866,1442689,1548359,1644633,1680478
Efetivo - Suínos - quantidade,Instituto Brasileiro de Geografia e Estatística,Cabeca,0,brasil,3,Sudeste,31,Minas Gerais,3961560,4119379,4255585,3703901,3599534,3825053,3374905,3307921,3301846,3180923,3129913,3113041,3184382,3235687,3182604,3207835,3295930,3290065,3363767,3328746,3390683,3367748,2533484,2611301,2655566,3011407,3142220,3358696,3310240,3371624,3535101,3792958,3870593,4199138,4322910,4639825,5021973,5014334,5157142,5073897,5217920,5047216,5090238,5235971,5242005,5176548,5229317,5662633,5631395,5438457
Efetivo - Suínos - quantidade,Instituto Brasileiro de Geografia e Estatística,Cabeca,0,brasil,4,Sul,41,Paraná,6728363,6067880,6131623,5769536,5312465,5650824,5860836,5078701,5122929,4210724,4191709,4433151,4569031,4140580,3695934,3587854,3561765,3698205,3738365,3780172,3762598,3929536,4065636,4121617,4187113,4217063,4224838,4385914,4258075,4364371,4588053,4547895,4486035,4735956,4631600,5105005,5096224,5448964,5518927,5322607,6394330,7134055,7092317,6894089,6891809,6838340,6944541,6703390,7020871,6938140
Efetivo - Suínos - quantidade,Instituto Brasileiro de Geografia e Estatística,Cabeca,0,brasil,2,Nordeste,25,Paraíba,180064,257225,289343,272155,296528,323631,208716,203412,200532,181063,213465,243159,280196,284288,298000,325319,300726,308470,312419,230787,242309,248061,122871,131559,112196,116263,123827,128937,138310,141162,143995,144501,148588,143824,143795,144317,147468,151702,133875,137438,148335,174533,179258,199884,222591,245516,258946,276377,288360,302103
Efetivo - Suínos - quantidade,Instituto Brasileiro de Geografia e Estatística,Cabeca,0,brasil,1,Norte,15,Pará,738686,816875,896834,714941,724927,825822,1078669,1177147,1315967,1528484,1653416,1270837,1462388,1615847,1790218,1867957,1942171,1989976,2023143,2083096,2053580,2124098,1254943,1320900,1366626,1316846,1335424,1285571,1130961,1105213,1043464,1015415,870450,779307,761403,750414,734858,741833,713264,542746,559417,557848,636859,720365,725414,718732,739062,714750,699341,706812
Efetivo - Suínos - quantidade,Instituto Brasileiro de Geografia e Estatística,Cabeca,0,brasil,2,Nordeste,26,Pernambuco,393669,495897,560423,493084,484134,493518,507634,505877,499743,418047,448402,529592,540902,568918,590089,600100,596327,603433,619304,409338,450597,457445,415641,428267,378517,362884,373846,390240,395333,394515,407579,436857,465252,495957,509547,435671,421144,425977,401944,399309,514500,611234,630065,670885,683744,732415,758981,867879,921973,947233
Efetivo - Suínos - quantidade,Instituto Brasileiro de Geografia e Estatística,Cabeca,0,brasil,2,Nordeste,22,Piauí,1416308,2028058,2004705,1901844,1892460,1912385,1364737,1275700,1272468,1058198,1082679,1481357,1514010,1553407,1595132,1636370,1677871,1717910,1671993,1574647,1611991,1650962,1417249,1415067,1405068,1401310,1396607,1391213,1373690,1367654,1360494,1355070,1349942,1159335,1150329,974543,949570,935279,891040,857208,837765,810313,793301,1028009,1043091,1047946,1055077,1062157,1070192,1077585
Efetivo - Suínos - quantidade,Instituto Brasileiro de Geografia e Estatística,Cabeca,0,brasil,2,Nordeste,24,Rio Grande do Norte,154982,156570,189631,130060,140251,145336,98497,97170,104964,82922,99787,121459,156237,157490,171511,184520,172730,179882,175910,132697,150333,165506,117611,119589,121212,123189,130900,131859,142370,149494,161350,169100,183319,182998,191248,193856,192553,193187,173049,162254,217783,258078,273518,264510,249651,265412,291925,334443,365692,463734
Efetivo - Suínos - quantidade,Instituto Brasileiro de Geografia e Estatística,Cabeca,0,brasil,4,Sul,43,Rio Grande do Sul,4309386,5734776,5708084,4669449,4170042,4082070,5672922,5016118,4946600,4698619,4584289,4316625,4344607,4037060,3451122,3566089,3744687,3854184,3929082,4043449,4181965,4245566,3922591,4066847,4055024,4140468,4133303,4075217,4036952,4145052,4094030,4233791,4339484,5197008,5320252,5344318,5729710,5677515,6213316,6320890,6108876,5694521,5927862,5992533,5702659,5643613,5859508,6261484,6171447,6062700
Efetivo - Suínos - quantidade,Instituto Brasileiro de Geografia e Estatística,Cabeca,0,brasil,3,Sudeste,33,Rio de Janeiro,194885,280433,307744,262133,251441,247267,292513,291349,291410,276064,299939,286279,324548,327424,300668,315676,325888,341392,308599,291604,281296,276086,192875,193187,192907,193951,203428,198627,201195,187768,174257,164103,168197,152078,150305,149806,154622,153570,155328,130251,103480,78089,64492,76480,73116,74023,77179,69739,62854,60595
Efetivo - Suínos - quantidade,Instituto Brasileiro de Geografia e Estatística,Cabeca,0,brasil,1,Norte,11,Rondônia,40700,134645,140757,139915,141915,302660,367928,433475,566717,653151,816965,569649,558954,712463,780612,894954,853012,1006190,1139701,1165981,1148219,1212091,410315,422622,443770,459983,460868,501032,196836,251879,255461,308406,275682,278133,207477,216947,249919,234593,225596,188291,203551,230569,224176,221132,190235,163631,163084,192749,258538,211765
Efetivo - Suínos - quantidade,Instituto Brasileiro de Geografia e Estatística,Cabeca,0,brasil,1,Norte,14,Roraima,26597,28374,32637,32964,12857,13065,40465,44648,47327,50175,27611,44248,48464,51868,55389,67687,0,59138,59650,0,77969,51751,56043,65114,65600,73850,76320,78850,76350,77500,82500,88000,88005,84355,75093,74885,76170,58145,37982,29751,28006,30533,49073,77599,78510,76570,77825,79590,82880,92782
Efetivo - Suínos - quantidade,Instituto Brasileiro de Geografia e Estatística,Cabeca,0,brasil,4,Sul,42,Santa Catarina,3460134,3603953,3652593,3178404,3024700,3512385,3878532,3578799,3766279,3542773,3580407,3238321,3410507,3190616,3099838,3262507,3330516,3275024,3417586,3727711,4088621,4404480,4532654,4558963,4704545,4814297,5093888,5516818,5354113,5432143,5775890,6309041,7158596,7156013,7846398,7988663,7817536,7968116,7480183,6270797,6178702,6533948,7099184,8098231,7972807,7590827,7805614,8416995,9825467,9316166
Efetivo - Suínos - quantidade,Instituto Brasileiro de Geografia e Estatística,Cabeca,0,brasil,2,Nordeste,28,Sergipe,36643,65533,68652,64885,70513,74436,56787,54033,57455,63335,65769,81961,91271,93079,86590,93997,96447,105053,106703,99658,97763,98657,79682,80933,82302,87739,91370,92333,95766,95843,101481,107722,115410,97524,96279,98901,100105,99772,100642,98760,100012,102336,138877,103545,91070,91582,89558,109873,121058,150840
Efetivo - Suínos - quantidade,Instituto Brasileiro de Geografia e Estatística,Cabeca,0,brasil,3,Sudeste,35,São Paulo,1730439,2166351,2260776,1918649,1908204,2160655,1995184,1999908,2014865,2038855,2059023,2024547,2012180,2040915,2024386,2034326,2027007,2081405,2035986,2014936,2098958,2142888,1849226,1834568,1934269,1913372,1902275,1903813,1845427,1709256,1698619,1706862,1727955,1724228,1691356,1639247,1693632,1599515,1557481,1431102,1405420,1485022,1367512,1394950,1454879,1502048,1516636,1509168,1516038,1587613
Efetivo - Suínos - quantidade,Instituto Brasileiro de Geografia e Estatística,Cabeca,0,brasil,1,Norte,17,Tocantins,320746,376146,394791,370636,418055,455700,365323,365539,378540,427420,478600,505760,430080,468520,487680,500520,531440,553360,594560,650118,688489,722328,219744,232797,241091,251396,246477,249879,242380,234184,225249,224481,224591,253740,257507,254181,266040,266067,259929,259618,273703,295661,308422,311667,318975,266454,243289,250881,259523,194659
